交易明細,Unnamed: 1,Unnamed: 2,Unnamed: 3,Unnamed: 4,Unnamed: 5,Unnamed: 6,Unnamed: 7,Unnamed: 8,Unnamed: 9,Unnamed: 10,Unnamed: 11,Unnamed: 12,Unnamed: 13,Unnamed: 14,Unnamed: 15
,,,,,,,,,,,,,,,
交易編號,委託單編號,類型,訊號,日期,時間,價格,數量,獲利(¤),獲利(%),累積獲利 (¤),累積獲利 (%),最大可能獲利(¤),最大可能獲利 (%),最大可能虧損 (¤),最大可能虧損 (%)
1,1,進入Long,TXF_BreakOut_LE,2020-01-09 00:00:00,05:00:00,11920,1,-5400,-0.22651006711409397,-5400,-0.54,0,0,-4900,-0.20553691275167785
,2,離開Long,TXF_ThisBar_LX,2020-01-09 00:00:00,05:00:00,11898,1,,,,,,,,
2,3,進入Long,TXF_BreakOut_LE,2020-02-04 00:00:00,12:45:00,11554,1,-7400,-0.3202354163060412,-12800,-1.28,700,0.030292539380301197,-9900,-0.42842305694997407
,4,離開Long,TXF_Breakout_LX,2020-02-04 00:00:00,17:00:00,11522,1,,,,,,,,
3,5,進入Long,TXF_BreakOut_LE,2020-02-11 00:00:00,10:45:00,11625,1,5400,0.23225806451612901,-7400,-0.74,12300,0.5290322580645161,-2900,-0.12473118279569893
,6,離開Long,TXF_Breakout_LX,2020-02-11 00:00:00,17:00:00,11657,1,,,,,,,,
4,7,進入Long,TXF_BreakOut_LE,2020-02-14 00:00:00,03:00:00,11802,1,-10000,-0.42365700728690053,-17400,-1.7399999999999998,1300,0.05507541094729707,-9500,-0.4024741569225555
,8,離開Long,TXF_Breakout_LX,2020-02-14 00:00:00,10:45:00,11757,1,,,,,,,,
5,9,進入Long,TXF_BreakOut_LE,2020-02-14 00:00:00,12:45:00,11841,1,-7000,-0.2955831433155984,-24400,-2.44,1700,0.0717844776623596,-6500,-0.27447006165019844
,10,離開Long,TXF_Breakout_LX,2020-02-14 00:00:00,13:45:00,11811,1,,,,,,,,
6,11,進入Long,TXF_BreakOut_LE,2020-02-18 00:00:00,05:00:00,11780,1,-14000,-0.5942275042444821,-38400,-3.84,0,0,-13500,-0.5730050933786078
,12,離開Long,TXF_Breakout_LX,2020-02-18 00:00:00,10:45:00,11715,1,,,,,,,,
7,13,進入Long,TXF_BreakOut_LE,2020-02-25 00:00:00,13:45:00,11556,1,-6000,-0.25960539979231567,-44400,-4.44,500,0.021633783316026306,-5500,-0.2379716164762894
,14,離開Long,TXF_Breakout_LX,2020-02-25 00:00:00,17:00:00,11531,1,,,,,,,,
8,15,進入Long,TXF_BreakOut_LE,2020-03-03 00:00:00,10:45:00,11313,1,-800,-0.03535755325731459,-45200,-4.52,11900,0.5259436047025546,-7500,-0.33147706178732433
,16,離開Long,TXF_Breakout_LX,2020-03-03 00:00:00,13:45:00,11314,1,,,,,,,,
9,17,進入Long,TXF_BreakOut_LE,2020-03-10 00:00:00,12:45:00,10923,1,-3200,-0.1464799047880619,-48400,-4.84,14100,0.6454270804723977,-2700,-0.12359241966492722
,18,離開Long,TXF_Breakout_LX,2020-03-10 00:00:00,17:00:00,10912,1,,,,,,,,
10,19,進入Long,TXF_BreakOut_LE,2020-03-13 00:00:00,13:45:00,10063,1,4800,0.23849746596442414,-43600,-4.36,56100,2.7874391334592072,-31500,-1.5651396203915333
,20,離開Long,TXF_Breakout_LX,2020-03-13 00:00:00,23:00:00,10092,1,,,,,,,,
11,21,進入Long,TXF_BreakOut_LE,2020-04-17 00:00:00,10:45:00,10575,1,-11000,-0.5200945626477541,-54600,-5.46,18300,0.8652482269503545,-10500,-0.4964539007092199
,22,離開Long,TXF_Breakout_LX,2020-04-17 00:00:00,12:45:00,10525,1,,,,,,,,
12,23,進入Long,TXF_BreakOut_LE,2020-04-22 00:00:00,23:00:00,10291,1,-2200,-0.10688951511029054,-56800,-5.680000000000001,4700,0.22835487319016615,-4500,-0.21863764454377613
,24,離開Long,TXF_Breakout_LX,2020-04-23 00:00:00,05:00:00,10285,1,,,,,,,,
13,25,進入Long,TXF_BreakOut_LE,2020-04-24 00:00:00,21:00:00,10334,1,-3200,-0.154828720727695,-60000,-6,1100,0.05322237275014515,-2700,-0.13063673311399263
,26,離開Long,TXF_Breakout_LX,2020-04-24 00:00:00,23:00:00,10323,1,,,,,,,,
14,27,進入Long,TXF_BreakOut_LE,2020-04-29 00:00:00,12:45:00,10760,1,-9400,-0.43680297397769513,-69400,-6.94,1500,0.06970260223048327,-8900,-0.4135687732342007
,28,離開Long,TXF_Breakout_LX,2020-04-29 00:00:00,13:45:00,10718,1,,,,,,,,
15,29,進入Long,TXF_BreakOut_LE,2020-05-07 00:00:00,12:45:00,10824,1,-1400,-0.0646711012564671,-70800,-7.08,10100,0.4665558019216556,-900,-0.041574279379157426
,30,離開Long,TXF_Breakout_LX,2020-05-07 00:00:00,13:45:00,10822,1,,,,,,,,
16,31,進入Long,TXF_BreakOut_LE,2020-05-12 00:00:00,23:00:00,10911,1,-5600,-0.25662175785904134,-76400,-7.64,1100,0.050407845293740254,-5100,-0.2337091009073412
,32,離開Long,TXF_ThisBar_LX,2020-05-12 00:00:00,23:00:00,10888,1,,,,,,,,
17,33,進入Long,TXF_BreakOut_LE,2020-05-18 00:00:00,10:45:00,10774,1,-3800,-0.17635047336179693,-80200,-8.02,9500,0.4408761834044923,-3300,-0.1531464637089289
,34,離開Long,TXF_Breakout_LX,2020-05-18 00:00:00,13:45:00,10760,1,,,,,,,,
18,35,進入Long,TXF_BreakOut_LE,2020-05-21 00:00:00,05:00:00,10913,1,5000,0.2290845780262073,-75200,-7.5200000000000005,18500,0.8476129386969669,-4300,-0.19701273710253825
,36,離開Long,TXF_Breakout_LX,2020-05-21 00:00:00,17:00:00,10943,1,,,,,,,,
19,37,進入Long,TXF_BreakOut_LE,2020-05-25 00:00:00,17:00:00,10840,1,2200,0.10147601476014759,-73000,-7.3,6300,0.29059040590405905,-500,-0.023062730627306273
,38,離開Long,TXF_Breakout_LX,2020-05-25 00:00:00,23:00:00,10856,1,,,,,,,,
20,39,進入Long,TXF_BreakOut_LE,2020-05-28 00:00:00,10:45:00,11066,1,-17200,-0.7771552503162842,-90200,-9.02,1700,0.0768118561359118,-16700,-0.7545635279233689
,40,離開Long,TXF_ThisBar_LX,2020-05-28 00:00:00,10:45:00,10985,1,,,,,,,,
21,41,進入Long,TXF_BreakOut_LE,2020-05-30 00:00:00,05:00:00,10933,1,22800,1.042714716912101,-67400,-6.74,33500,1.5320589042348853,-500,-0.0228665508094759
,42,離開Long,TXF_Breakout_LX,2020-06-01 00:00:00,13:45:00,11052,1,,,,,,,,
22,43,進入Long,TXF_BreakOut_LE,2020-06-09 00:00:00,05:00:00,11607,1,-4200,-0.18092530369604548,-71600,-7.16,4300,0.1852330490221418,-3700,-0.1593865770655639
,44,離開Long,TXF_Breakout_LX,2020-06-09 00:00:00,10:45:00,11591,1,,,,,,,,
23,45,進入Long,TXF_BreakOut_LE,2020-06-10 00:00:00,23:00:00,11715,1,-7200,-0.3072983354673495,-78800,-7.88,100,0.004268032437046522,-6700,-0.285958173282117
,46,離開Long,TXF_ThisBar_LX,2020-06-10 00:00:00,23:00:00,11684,1,,,,,,,,
24,47,進入Long,TXF_BreakOut_LE,2020-06-11 00:00:00,03:00:00,11718,1,-6800,-0.29015190305512883,-85600,-8.559999999999999,5100,0.21761392729134665,-6300,-0.2688172043010753
,48,離開Long,TXF_Breakout_LX,2020-06-11 00:00:00,10:45:00,11689,1,,,,,,,,
25,49,進入Long,TXF_BreakOut_LE,2020-06-16 00:00:00,03:00:00,11362,1,26600,1.1705685618729096,-59000,-5.8999999999999995,37900,1.6678401689843338,-700,-0.030804435838760785
,50,離開Long,TXF_Breakout_LX,2020-06-16 00:00:00,17:00:00,11500,1,,,,,,,,
26,51,進入Long,TXF_BreakOut_LE,2020-06-18 00:00:00,19:00:00,11466,1,-7200,-0.3139717425431711,-66200,-6.619999999999999,300,0.013082155939298797,-6700,-0.2921681493110065
,52,離開Long,TXF_Breakout_LX,2020-06-18 00:00:00,21:00:00,11435,1,,,,,,,,
27,53,進入Long,TXF_BreakOut_LE,2020-06-23 00:00:00,03:00:00,11462,1,-3800,-0.16576513697435002,-70000,-7.000000000000001,15100,0.6586983074507067,-4100,-0.1788518583144303
,54,離開Long,TXF_Breakout_LX,2020-06-23 00:00:00,10:45:00,11448,1,,,,,,,,
28,55,進入Long,TXF_BreakOut_LE,2020-06-30 00:00:00,10:45:00,11460,1,-9400,-0.41012216404886565,-79400,-7.9399999999999995,2900,0.12652705061082023,-8900,-0.38830715532286214
,56,離開Long,TXF_ThisBar_LX,2020-06-30 00:00:00,10:45:00,11418,1,,,,,,,,
29,57,進入Long,TXF_BreakOut_LE,2020-07-06 00:00:00,12:45:00,12021,1,6200,0.25788203976374674,-73200,-7.32,14700,0.6114299975043673,-500,-0.02079693869062474
,58,離開Long,TXF_Breakout_LX,2020-07-06 00:00:00,19:00:00,12057,1,,,,,,,,
30,59,進入Long,TXF_BreakOut_LE,2020-07-08 00:00:00,01:00:00,12064,1,-5000,-0.20722811671087535,-78200,-7.82,3100,0.12848143236074272,-4500,-0.1865053050397878
,60,離開Long,TXF_Breakout_LX,2020-07-08 00:00:00,03:00:00,12044,1,,,,,,,,
31,61,進入Long,TXF_BreakOut_LE,2020-07-10 00:00:00,05:00:00,12187,1,-3400,-0.13949290227291378,-81600,-8.16,4700,0.1928284237302043,-2900,-0.11897924017395586
,62,離開Long,TXF_Breakout_LX,2020-07-10 00:00:00,10:45:00,12175,1,,,,,,,,
32,63,進入Long,TXF_BreakOut_LE,2020-07-11 00:00:00,05:00:00,12086,1,17600,0.7281151745821611,-64000,-6.4,24300,1.0052953830878701,-500,-0.020685090186993216
,64,離開Long,TXF_Breakout_LX,2020-07-13 00:00:00,17:00:00,12179,1,,,,,,,,
33,65,進入Long,TXF_BreakOut_LE,2020-07-15 00:00:00,05:00:00,12242,1,7400,0.30223819637314164,-56600,-5.66,15700,0.6412350923051789,-500,-0.020421499754942004
,66,離開Long,TXF_Settlement_LX,2020-07-15 00:00:00,12:45:00,12284,1,,,,,,,,
34,67,進入Long,TXF_BreakOut_LE,2020-07-17 00:00:00,03:00:00,12047,1,-3800,-0.15771561384577074,-60400,-6.04,17700,0.7346227276500373,-5700,-0.23657342076865612
,68,離開Long,TXF_Breakout_LX,2020-07-17 00:00:00,13:45:00,12033,1,,,,,,,,
35,69,進入Long,TXF_BreakOut_LE,2020-07-21 00:00:00,01:00:00,12087,1,38400,1.5884834946636883,-22000,-2.1999999999999997,46900,1.9401009348887235,-1300,-0.053776784975593614
,70,離開Long,TXF_Breakout_LX,2020-07-21 00:00:00,13:45:00,12284,1,,,,,,,,
36,71,進入Long,TXF_BreakOut_LE,2020-07-29 00:00:00,23:00:00,12543,1,-1200,-0.04783544606553456,-23200,-2.32,6500,0.2591086661883122,-700,-0.027904010204895163
,72,離開Long,TXF_Breakout_LX,2020-07-30 00:00:00,03:00:00,12542,1,,,,,,,,
37,73,進入Long,TXF_BreakOut_LE,2020-07-31 00:00:00,10:45:00,12606,1,-14400,-0.5711565920990005,-37600,-3.7600000000000002,7100,0.28161193082659053,-13900,-0.5513247659844518
,74,離開Long,TXF_Breakout_LX,2020-07-31 00:00:00,12:45:00,12539,1,,,,,,,,
38,75,進入Long,TXF_BreakOut_LE,2020-08-10 00:00:00,10:45:00,12794,1,8800,0.34391120837892764,-28800,-2.88,21700,0.8480537752071283,-500,-0.019540409566984523
,76,離開Long,TXF_Breakout_LX,2020-08-10 00:00:00,17:00:00,12843,1,,,,,,,,
39,77,進入Long,TXF_BreakOut_LE,2020-08-13 00:00:00,01:00:00,12801,1,-3600,-0.14061401453011485,-32400,-3.2399999999999998,3700,0.14451995937817358,-3100,-0.1210842902898211
,78,離開Long,TXF_Breakout_LX,2020-08-13 00:00:00,03:00:00,12788,1,,,,,,,,
40,79,進入Long,TXF_BreakOut_LE,2020-08-14 00:00:00,12:45:00,12777,1,-2400,-0.09391876027236441,-34800,-3.4799999999999995,3900,0.15261798544259217,-8700,-0.340455505987321
,80,離開Long,TXF_Breakout_LX,2020-08-14 00:00:00,17:00:00,12770,1,,,,,,,,
41,81,進入Long,TXF_BreakOut_LE,2020-08-17 00:00:00,10:45:00,12796,1,42400,1.6567677399187246,7600,0.76,46100,1.8013441700531416,-500,-0.019537355423569866
,82,離開Long,TXF_Breakout_LX,2020-08-18 00:00:00,05:00:00,13013,1,,,,,,,,
42,83,進入Long,TXF_BreakOut_LE,2020-08-21 00:00:00,12:45:00,12526,1,800,0.03193357815743254,8400,0.84,13900,0.5548459204853904,-500,-0.019958486348395338
,84,離開Long,TXF_Breakout_LX,2020-08-21 00:00:00,17:00:00,12535,1,,,,,,,,
43,85,進入Long,TXF_BreakOut_LE,2020-08-25 00:00:00,10:45:00,12676,1,8800,0.347112653834017,17200,1.72,23300,0.9190596402650679,-500,-0.019722309876932787
,86,離開Long,TXF_Breakout_LX,2020-08-25 00:00:00,19:00:00,12725,1,,,,,,,,
44,87,進入Long,TXF_BreakOut_LE,2020-08-26 00:00:00,05:00:00,12752,1,-5400,-0.21173149309912173,11800,1.18,900,0.03528858218318695,-4900,-0.1921267252195734
,88,離開Long,TXF_Breakout_LX,2020-08-26 00:00:00,10:45:00,12730,1,,,,,,,,
45,89,進入Long,TXF_BreakOut_LE,2020-09-03 00:00:00,10:45:00,12797,1,-17200,-0.6720325076189732,-5400,-0.54,11700,0.4571383918105806,-16700,-0.6524966789091193
,90,離開Long,TXF_Breakout_LX,2020-09-03 00:00:00,12:45:00,12716,1,,,,,,,,
46,91,進入Long,TXF_BreakOut_LE,2020-09-09 00:00:00,17:00:00,12608,1,-1400,-0.055520304568527926,-6800,-0.6799999999999999,4700,0.18638959390862944,-900,-0.03569162436548223
,92,離開Long,TXF_Breakout_LX,2020-09-09 00:00:00,21:00:00,12606,1,,,,,,,,
47,93,進入Long,TXF_BreakOut_LE,2020-09-15 00:00:00,21:00:00,12872,1,12600,0.48943443132380365,5800,0.58,22100,0.8584524549409571,-500,-0.01942200124300808
,94,離開Long,TXF_Breakout_LX,2020-09-16 00:00:00,05:00:00,12940,1,,,,,,,,
48,95,進入Long,TXF_BreakOut_LE,2020-09-18 00:00:00,10:45:00,12839,1,-10200,-0.3972271983799362,-4400,-0.44,4900,0.19082483059428304,-9700,-0.3777552768907236
,96,離開Long,TXF_ThisBar_LX,2020-09-18 00:00:00,10:45:00,12793,1,,,,,,,,
49,97,進入Long,TXF_BreakOut_LE,2020-10-06 00:00:00,01:00:00,12606,1,-4200,-0.1665873393622085,-8600,-0.86,3100,0.12295732191020148,-3700,-0.14675551324765984
,98,離開Long,TXF_Breakout_LX,2020-10-06 00:00:00,03:00:00,12590,1,,,,,,,,
50,99,進入Long,TXF_BreakOut_LE,2020-10-07 00:00:00,12:45:00,12733,1,18000,0.706824785989162,9400,0.9400000000000001,24700,0.9699206785517946,-2300,-0.09031650043194848
,100,離開Long,TXF_Breakout_LX,2020-10-08 00:00:00,10:45:00,12828,1,,,,,,,,
51,101,進入Long,TXF_BreakOut_LE,2020-10-22 00:00:00,17:00:00,12839,1,5800,0.22587428927486564,15200,1.52,10500,0.4089103512734637,-500,-0.019471921489212556
,102,離開Long,TXF_Breakout_LX,2020-10-22 00:00:00,23:00:00,12873,1,,,,,,,,
52,103,進入Long,TXF_BreakOut_LE,2020-10-24 00:00:00,05:00:00,12875,1,-6400,-0.24854368932038834,8800,0.88,300,0.011650485436893204,-5900,-0.22912621359223298
,104,離開Long,TXF_Breakout_LX,2020-10-26 00:00:00,10:45:00,12848,1,,,,,,,,
53,105,進入Long,TXF_BreakOut_LE,2020-11-02 00:00:00,10:45:00,12486,1,-13400,-0.5366009931122857,-4600,-0.45999999999999996,5500,0.22024667627743075,-12900,-0.5165785679961556
,106,離開Long,TXF_ThisBar_LX,2020-11-02 00:00:00,10:45:00,12424,1,,,,,,,,
54,107,進入Long,TXF_BreakOut_LE,2020-11-02 00:00:00,17:00:00,12531,1,3600,0.14364376346660282,-1000,-0.1,10700,0.4269411858590695,-500,-0.019950522703694837
,108,離開Long,TXF_Breakout_LX,2020-11-03 00:00:00,03:00:00,12554,1,,,,,,,,
55,109,進入Long,TXF_BreakOut_LE,2020-11-11 00:00:00,12:45:00,13219,1,4400,0.1664271124895983,3400,0.33999999999999997,19500,0.7375747030789016,-500,-0.01891217187381799
,110,離開Long,TXF_Breakout_LX,2020-11-11 00:00:00,17:00:00,13246,1,,,,,,,,
56,111,進入Long,TXF_BreakOut_LE,2020-11-18 00:00:00,03:00:00,13673,1,-6400,-0.23403788488261537,-3000,-0.3,1300,0.04753894536678124,-5900,-0.21575367512616106
,112,離開Long,TXF_Breakout_LX,2020-11-18 00:00:00,05:00:00,13646,1,,,,,,,,
57,113,進入Long,TXF_BreakOut_LE,2020-11-25 00:00:00,05:00:00,13866,1,-5600,-0.20193278523005911,-8600,-0.86,8100,0.29208135006490693,-5100,-0.18390307226308955
,114,離開Long,TXF_Breakout_LX,2020-11-25 00:00:00,10:45:00,13843,1,,,,,,,,
58,115,進入Long,TXF_BreakOut_LE,2020-11-27 00:00:00,13:45:00,13885,1,4800,0.17284839755131437,-3800,-0.38,9500,0.34209578682030967,-8300,-0.29888368743248106
,116,離開Long,TXF_Breakout_LX,2020-11-27 00:00:00,21:00:00,13914,1,,,,,,,,
59,117,進入Long,TXF_BreakOut_LE,2020-12-01 00:00:00,12:45:00,13830,1,2200,0.07953723788864786,-1600,-0.16,10500,0.3796095444685466,-500,-0.018076644974692697
,118,離開Long,TXF_Breakout_LX,2020-12-01 00:00:00,17:00:00,13846,1,,,,,,,,
60,119,進入Long,TXF_BreakOut_LE,2020-12-04 00:00:00,12:45:00,14116,1,9800,0.34712383111362993,8200,0.8200000000000001,13900,0.49234910739586285,-500,-0.01771039954661377
,120,離開Long,TXF_Breakout_LX,2020-12-04 00:00:00,21:00:00,14170,1,,,,,,,,
61,121,進入Long,TXF_BreakOut_LE,2020-12-08 00:00:00,01:00:00,14239,1,-3200,-0.11236744153381559,5000,0.5,2900,0.10183299389002036,-2700,-0.0948100287941569
,122,離開Long,TXF_Breakout_LX,2020-12-08 00:00:00,05:00:00,14228,1,,,,,,,,
62,123,進入Long,TXF_BreakOut_LE,2020-12-08 00:00:00,13:45:00,14338,1,2200,0.07671920769981867,7200,0.72,9300,0.3243130143674153,-2300,-0.08020644441344678
,124,離開Long,TXF_Breakout_LX,2020-12-08 00:00:00,21:00:00,14354,1,,,,,,,,
63,125,進入Long,TXF_BreakOut_LE,2020-12-16 00:00:00,05:00:00,14197,1,-2600,-0.0915686412622385,4600,0.45999999999999996,2100,0.07395928717334647,-2100,-0.07395928717334647
,126,離開Long,TXF_Breakout_LX,2020-12-16 00:00:00,10:45:00,14189,1,,,,,,,,
64,127,進入Long,TXF_BreakOut_LE,2020-12-21 00:00:00,10:45:00,14178,1,-8600,-0.3032867823388348,-4000,-0.4,5900,0.20806883904640994,-8100,-0.28565382987727467
,128,離開Long,TXF_ThisBar_LX,2020-12-21 00:00:00,10:45:00,14140,1,,,,,,,,
65,129,進入Long,TXF_BreakOut_LE,2020-12-21 00:00:00,13:45:00,14301,1,-4800,-0.16782043213761275,-8800,-0.88,3900,0.13635410111181037,-4300,-0.1503391371232781
,130,離開Long,TXF_Breakout_LX,2020-12-21 00:00:00,19:00:00,14282,1,,,,,,,,
66,131,進入Long,TXF_BreakOut_LE,2020-12-22 00:00:00,12:45:00,14304,1,-18800,-0.6571588366890381,-27600,-2.76,5500,0.1922539149888143,-18300,-0.6396812080536913
,132,離開Long,TXF_ThisBar_LX,2020-12-22 00:00:00,12:45:00,14215,1,,,,,,,,
67,133,進入Long,TXF_BreakOut_LE,2020-12-30 00:00:00,12:45:00,14558,1,19200,0.6594312405550213,-8400,-0.84,23700,0.8139854375601043,-500,-0.017172688556120346
,134,離開Long,TXF_Breakout_LX,2020-12-30 00:00:00,23:00:00,14659,1,,,,,,,,
68,135,進入Long,TXF_BreakOut_LE,2021-01-06 00:00:00,05:00:00,15040,1,-6600,-0.2194148936170213,-15000,-1.5,1100,0.036569148936170214,-6100,-0.20279255319148934
,136,離開Long,TXF_ThisBar_LX,2021-01-06 00:00:00,05:00:00,15012,1,,,,,,,,
69,137,進入Long,TXF_BreakOut_LE,2021-01-11 00:00:00,17:00:00,15538,1,-3800,-0.12228085982751963,-18800,-1.8800000000000001,3900,0.12549877719140173,-3300,-0.10619127300810914
,138,離開Long,TXF_Breakout_LX,2021-01-11 00:00:00,21:00:00,15524,1,,,,,,,,
70,139,進入Long,TXF_BreakOut_LE,2021-01-13 00:00:00,10:45:00,15557,1,39000,1.2534550363180563,20200,2.02,46100,1.4816481326733946,-900,-0.028925885453493606
,140,離開Long,TXF_Breakout_LX,2021-01-13 00:00:00,21:00:00,15757,1,,,,,,,,
71,141,進入Long,TXF_BreakOut_LE,2021-01-19 00:00:00,12:45:00,15842,1,4800,0.15149602322939024,25000,2.5,20300,0.6407019315742962,-500,-0.01578083575306148
,142,離開Long,TXF_Breakout_LX,2021-01-19 00:00:00,17:00:00,15871,1,,,,,,,,
72,143,進入Long,TXF_BreakOut_LE,2021-01-21 00:00:00,10:45:00,15818,1,59200,1.8712858768491591,84200,8.42,72500,2.291693007965609,-500,-0.01580477936528006
,144,離開Long,TXF_Breakout_LX,2021-01-21 00:00:00,23:00:00,16119,1,,,,,,,,
73,145,進入Long,TXF_BreakOut_LE,2021-02-01 00:00:00,13:45:00,15390,1,-11800,-0.38336582196231317,72400,7.24,1100,0.03573749187784275,-11300,-0.36712150747238464
,146,離開Long,TXF_Breakout_LX,2021-02-01 00:00:00,17:00:00,15336,1,,,,,,,,
74,147,進入Long,TXF_BreakOut_LE,2021-02-02 00:00:00,03:00:00,15427,1,65000,2.106696052375705,137400,13.74,78100,2.5312763337006547,-500,-0.016205354249043884
,148,離開Long,TXF_Breakout_LX,2021-02-02 00:00:00,13:45:00,15757,1,,,,,,,,
75,149,進入Long,TXF_BreakOut_LE,2021-02-24 00:00:00,10:45:00,16360,1,-16800,-0.5134474327628362,120600,12.06,14500,0.4431540342298288,-16300,-0.49816625916870416
,150,離開Long,TXF_Breakout_LX,2021-02-24 00:00:00,12:45:00,16281,1,,,,,,,,
76,151,進入Long,TXF_BreakOut_LE,2021-02-25 00:00:00,03:00:00,16290,1,-3400,-0.10435850214855741,117200,11.72,25900,0.7949662369551873,-2900,-0.08901166359729897
,152,離開Long,TXF_Breakout_LX,2021-02-25 00:00:00,10:45:00,16278,1,,,,,,,,
77,153,進入Long,TXF_BreakOut_LE,2021-03-13 00:00:00,05:00:00,16166,1,4200,0.12990226401088706,121400,12.139999999999999,16100,0.4979586787084003,-5300,-0.16392428553754793
,154,離開Long,TXF_Breakout_LX,2021-03-15 00:00:00,17:00:00,16192,1,,,,,,,,
78,155,進入Long,TXF_BreakOut_LE,2021-03-18 00:00:00,05:00:00,16203,1,8200,0.25303956057520216,129600,12.959999999999999,39100,1.2065666851817565,-500,-0.015429241498487935
,156,離開Long,TXF_Breakout_LX,2021-03-18 00:00:00,12:45:00,16249,1,,,,,,,,
79,157,進入Long,TXF_BreakOut_LE,2021-03-20 00:00:00,03:00:00,16088,1,-15000,-0.46618597712580806,114600,11.459999999999999,1500,0.046618597712580805,-14500,-0.45064644455494773
,158,離開Long,TXF_Breakout_LX,2021-03-22 00:00:00,10:45:00,16018,1,,,,,,,,
80,159,進入Long,TXF_BreakOut_LE,2021-03-22 00:00:00,13:45:00,16160,1,-7200,-0.22277227722772275,107400,10.74,2300,0.07116336633663366,-6700,-0.20730198019801982
,160,離開Long,TXF_Breakout_LX,2021-03-22 00:00:00,17:00:00,16129,1,,,,,,,,
81,161,進入Long,TXF_BreakOut_LE,2021-03-30 00:00:00,03:00:00,16495,1,-13000,-0.39405880569869656,94400,9.44,300,0.009093664746892998,-12500,-0.37890269778720825
,162,離開Long,TXF_ThisBar_LX,2021-03-30 00:00:00,03:00:00,16435,1,,,,,,,,
82,163,進入Long,TXF_BreakOut_LE,2021-03-30 00:00:00,10:45:00,16499,1,-16800,-0.5091217649554518,77600,7.76,5900,0.1787987150736408,-16300,-0.4939693314746348
,164,離開Long,TXF_Breakout_LX,2021-03-30 00:00:00,12:45:00,16420,1,,,,,,,,
83,165,進入Long,TXF_BreakOut_LE,2021-03-31 00:00:00,23:00:00,16460,1,10800,0.32806804374240583,88400,8.84,15100,0.45868772782503037,-500,-0.015188335358444714
,166,離開Long,TXF_Breakout_LX,2021-04-01 00:00:00,05:00:00,16519,1,,,,,,,,
84,167,進入Long,TXF_BreakOut_LE,2021-04-14 00:00:00,05:00:00,16852,1,-3000,-0.08901020650367909,85400,8.540000000000001,12500,0.3708758604319962,-2500,-0.07417517208639925
,168,離開Long,TXF_Breakout_LX,2021-04-14 00:00:00,10:45:00,16842,1,,,,,,,,
85,169,進入Long,TXF_BreakOut_LE,2021-04-15 00:00:00,12:45:00,16949,1,34600,1.0207091863826774,120000,12,39700,1.171160540444864,-500,-0.01475013275119476
,170,離開Long,TXF_Breakout_LX,2021-04-15 00:00:00,23:00:00,17127,1,,,,,,,,
86,171,進入Long,TXF_BreakOut_LE,2021-04-22 00:00:00,03:00:00,17238,1,-400,-0.011602274045712959,119600,11.959999999999999,7100,0.20594036431140503,-500,-0.0145028425571412
,172,離開Long,TXF_Breakout_LX,2021-04-22 00:00:00,10:45:00,17241,1,,,,,,,,
87,173,進入Long,TXF_BreakOut_LE,2021-04-24 00:00:00,01:00:00,17314,1,39000,1.1262562088483308,158600,15.86,46500,1.3428439413191637,-4500,-0.12995263948249972
,174,離開Long,TXF_Breakout_LX,2021-04-26 00:00:00,21:00:00,17514,1,,,,,,,,
88,175,進入Long,TXF_BreakOut_LE,2021-04-29 00:00:00,05:00:00,17585,1,-3000,-0.08529997156667614,155600,15.559999999999999,22900,0.6511231162922946,-11900,-0.3383565538811487
,176,離開Long,TXF_Breakout_LX,2021-04-29 00:00:00,12:45:00,17575,1,,,,,,,,
89,177,進入Long,TXF_BreakOut_LE,2021-05-07 00:00:00,10:45:00,17120,1,39000,1.139018691588785,194600,19.46,50500,1.4748831775700935,-12500,-0.36507009345794394
,178,離開Long,TXF_Breakout_LX,2021-05-08 00:00:00,03:00:00,17320,1,,,,,,,,
90,179,進入Long,TXF_BreakOut_LE,2021-05-18 00:00:00,10:45:00,15563,1,131600,4.227976611193215,326200,32.62,150500,4.8351860181199,-12900,-0.41444451583884856
,180,離開Long,TXF_Breakout_LX,2021-05-18 00:00:00,21:00:00,16226,1,,,,,,,,
91,181,進入Long,TXF_BreakOut_LE,2021-05-20 00:00:00,23:00:00,16030,1,23200,0.7236431690580162,349400,34.94,37900,1.182158452900811,-500,-0.015595757953836557
,182,離開Long,TXF_Breakout_LX,2021-05-21 00:00:00,10:45:00,16151,1,,,,,,,,
92,183,進入Long,TXF_BreakOut_LE,2021-05-27 00:00:00,21:00:00,16595,1,6000,0.1807773425730642,355400,35.54,17500,0.5272672491714372,-500,-0.015064778547755347
,184,離開Long,TXF_Breakout_LX,2021-05-28 00:00:00,03:00:00,16630,1,,,,,,,,
93,185,進入Long,TXF_BreakOut_LE,2021-06-03 00:00:00,01:00:00,17164,1,-7000,-0.20391517128874387,348400,34.839999999999996,2300,0.06700069913773013,-6500,-0.18934980191097645
,186,離開Long,TXF_Breakout_LX,2021-06-03 00:00:00,03:00:00,17134,1,,,,,,,,
94,187,進入Long,TXF_BreakOut_LE,2021-06-03 00:00:00,10:45:00,17253,1,-18600,-0.539036689271431,329800,32.98,11500,0.33327537239900307,-18100,-0.5245464556888657
,188,離開Long,TXF_Breakout_LX,2021-06-03 00:00:00,12:45:00,17165,1,,,,,,,,
95,189,進入Long,TXF_BreakOut_LE,2021-06-04 00:00:00,23:00:00,17159,1,9600,0.27973658138586166,339400,33.94,19700,0.5740427763855703,-500,-0.014569613613846961
,190,離開Long,TXF_Breakout_LX,2021-06-07 00:00:00,10:45:00,17212,1,,,,,,,,
96,191,進入Long,TXF_BreakOut_LE,2021-06-10 00:00:00,23:00:00,17183,1,0,0,339400,33.94,8100,0.23569807367747192,-1900,-0.05528720246755515
,192,離開Long,TXF_Breakout_LX,2021-06-11 00:00:00,05:00:00,17188,1,,,,,,,,
97,193,進入Long,TXF_BreakOut_LE,2021-06-15 00:00:00,12:45:00,17373,1,3800,0.10936510677488057,343200,34.32,11500,0.33097334945029644,-500,-0.014390145628273758
,194,離開Long,TXF_Breakout_LX,2021-06-15 00:00:00,19:00:00,17397,1,,,,,,,,
98,195,進入Long,TXF_BreakOut_LE,2021-06-22 00:00:00,03:00:00,17119,1,400,0.011682925404521292,343600,34.36,11700,0.3417255680822478,-500,-0.014603656755651616
,196,離開Long,TXF_Breakout_LX,2021-06-22 00:00:00,10:45:00,17126,1,,,,,,,,
99,197,進入Long,TXF_BreakOut_LE,2021-06-30 00:00:00,12:45:00,17752,1,-10200,-0.28729157278053175,333400,33.339999999999996,2300,0.06478143307796305,-11500,-0.32390716538981523
,198,離開Long,TXF_Breakout_LX,2021-06-30 00:00:00,17:00:00,17706,1,,,,,,,,
100,199,進入Long,TXF_BreakOut_LE,2021-07-09 00:00:00,21:00:00,17745,1,14000,0.39447731755424065,347400,34.74,42500,1.1975204282896592,-3700,-0.10425471963933501
,200,離開Long,TXF_Breakout_LX,2021-07-12 00:00:00,12:45:00,17820,1,,,,,,,,
101,201,進入Long,TXF_BreakOut_LE,2021-07-14 00:00:00,01:00:00,17915,1,-3800,-0.10605637733742675,343600,34.36,3900,0.10884733463578007,-3300,-0.09210159084566005
,202,離開Long,TXF_Breakout_LX,2021-07-14 00:00:00,03:00:00,17901,1,,,,,,,,
102,203,進入Long,TXF_BreakOut_LE,2021-07-14 00:00:00,21:00:00,17933,1,-3800,-0.10594992471979034,339800,33.98,3500,0.09758545697875425,-3300,-0.09200914515139687
,204,離開Long,TXF_Breakout_LX,2021-07-14 00:00:00,23:00:00,17919,1,,,,,,,,
103,205,進入Long,TXF_BreakOut_LE,2021-07-22 00:00:00,03:00:00,17374,1,5600,0.16116035455278002,345400,34.54,29700,0.8547254518245654,-500,-0.014389317370783928
,206,離開Long,TXF_Breakout_LX,2021-07-22 00:00:00,12:45:00,17407,1,,,,,,,,
104,207,進入Long,TXF_BreakOut_LE,2021-07-24 00:00:00,05:00:00,17480,1,-5800,-0.16590389016018306,339600,33.96,900,0.02574370709382151,-5300,-0.15160183066361554
,208,離開Long,TXF_Breakout_LX,2021-07-26 00:00:00,10:45:00,17456,1,,,,,,,,
105,209,進入Long,TXF_BreakOut_LE,2021-07-27 00:00:00,05:00:00,17305,1,-4600,-0.13290956370991044,335000,33.5,8100,0.23403640566310316,-4100,-0.11846287200231148
,210,離開Long,TXF_Breakout_LX,2021-07-27 00:00:00,10:45:00,17287,1,,,,,,,,
106,211,進入Long,TXF_BreakOut_LE,2021-07-28 00:00:00,23:00:00,17060,1,-1400,-0.041031652989449004,333600,33.36,11100,0.3253223915592028,-900,-0.02637749120750293
,212,離開Long,TXF_Breakout_LX,2021-07-29 00:00:00,03:00:00,17058,1,,,,,,,,
107,213,進入Long,TXF_BreakOut_LE,2021-08-03 00:00:00,13:45:00,17462,1,1000,0.028633604398121633,334600,33.46,6700,0.19184514946741496,-500,-0.014316802199060816
,214,離開Long,TXF_Breakout_LX,2021-08-03 00:00:00,21:00:00,17472,1,,,,,,,,
108,215,進入Long,TXF_BreakOut_LE,2021-08-04 00:00:00,03:00:00,17498,1,-5600,-0.16001828780432048,329000,32.9,4100,0.11715624642816322,-5100,-0.14573094067893475
,216,離開Long,TXF_Breakout_LX,2021-08-04 00:00:00,10:45:00,17475,1,,,,,,,,
109,217,進入Long,TXF_BreakOut_LE,2021-08-13 00:00:00,05:00:00,17202,1,-4400,-0.12789210556911987,324600,32.46,1500,0.04359958144401814,-3900,-0.11335891175444715
,218,離開Long,TXF_Breakout_LX,2021-08-13 00:00:00,10:45:00,17185,1,,,,,,,,
110,219,進入Long,TXF_BreakOut_LE,2021-08-27 00:00:00,12:45:00,17215,1,-400,-0.011617775196049956,324200,32.42,3900,0.11327330816148708,-18500,-0.5373221028173104
,220,離開Long,TXF_Breakout_LX,2021-08-27 00:00:00,21:00:00,17218,1,,,,,,,,
111,221,進入Long,TXF_BreakOut_LE,2021-08-31 00:00:00,13:45:00,17342,1,18800,0.542036673970707,343000,34.300000000000004,27500,0.7928727943720447,-500,-0.01441586898858263
,222,離開Long,TXF_Breakout_LX,2021-08-31 00:00:00,19:00:00,17441,1,,,,,,,,
112,223,進入Long,TXF_BreakOut_LE,2021-09-03 00:00:00,10:45:00,17442,1,-13400,-0.38413026029125097,329600,32.96,0,0,-12900,-0.369797041623667
,224,離開Long,TXF_ThisBar_LX,2021-09-03 00:00:00,10:45:00,17380,1,,,,,,,,
113,225,進入Long,TXF_BreakOut_LE,2021-09-09 00:00:00,23:00:00,17334,1,-5200,-0.14999423099111572,324400,32.440000000000005,700,0.020191531094957884,-4700,-0.1355717087804315
,226,離開Long,TXF_Breakout_LX,2021-09-10 00:00:00,01:00:00,17313,1,,,,,,,,
114,227,進入Long,TXF_BreakOut_LE,2021-09-14 00:00:00,10:45:00,17541,1,-19800,-0.5643919958953308,304600,30.459999999999997,5100,0.1453736959124337,-19300,-0.550139672766661
,228,離開Long,TXF_ThisBar_LX,2021-09-14 00:00:00,10:45:00,17447,1,,,,,,,,
115,229,進入Long,TXF_BreakOut_LE,2021-09-16 00:00:00,05:00:00,17351,1,-3800,-0.10950377499855915,300800,30.080000000000002,2300,0.06627860065702265,-3300,-0.09509538355138032
,230,離開Long,TXF_Breakout_LX,2021-09-16 00:00:00,10:45:00,17337,1,,,,,,,,
116,231,進入Long,TXF_BreakOut_LE,2021-09-17 00:00:00,05:00:00,17269,1,-4600,-0.13318663501071282,296200,29.62,8900,0.2576871851294227,-4100,-0.11870982685737448
,232,離開Long,TXF_Breakout_LX,2021-09-17 00:00:00,10:45:00,17251,1,,,,,,,,
117,233,進入Long,TXF_BreakOut_LE,2021-09-30 00:00:00,13:45:00,16946,1,-7600,-0.2242417089578662,288600,28.860000000000003,3500,0.10326920807270151,-11300,-0.3334120146347221
,234,離開Long,TXF_Breakout_LX,2021-09-30 00:00:00,19:00:00,16913,1,,,,,,,,
118,235,進入Long,TXF_BreakOut_LE,2021-10-02 00:00:00,03:00:00,16596,1,-2600,-0.07833212822366836,286000,28.599999999999998,11100,0.33441793203181486,-2100,-0.06326825741142444
,236,離開Long,TXF_Breakout_LX,2021-10-04 00:00:00,10:45:00,16588,1,,,,,,,,
119,237,進入Long,TXF_BreakOut_LE,2021-10-07 00:00:00,05:00:00,16398,1,57800,1.7624100500060982,343800,34.38,71900,2.1923405293328457,-500,-0.015245761678253446
,238,離開Long,TXF_Breakout_LX,2021-10-07 00:00:00,13:45:00,16692,1,,,,,,,,
120,239,進入Long,TXF_BreakOut_LE,2021-10-14 00:00:00,03:00:00,16385,1,-5200,-0.15868172108635947,338600,33.86,31700,0.9673481843149222,-4700,-0.14342386328959414
,240,離開Long,TXF_Breakout_LX,2021-10-14 00:00:00,10:45:00,16364,1,,,,,,,,
121,241,進入Long,TXF_BreakOut_LE,2021-10-19 00:00:00,01:00:00,16776,1,800,0.02384358607534573,339400,33.94,7500,0.22353361945636627,-500,-0.014902241297091081
,242,離開Long,TXF_Breakout_LX,2021-10-19 00:00:00,05:00:00,16785,1,,,,,,,,
122,243,進入Long,TXF_BreakOut_LE,2021-10-29 00:00:00,01:00:00,17086,1,-6000,-0.17558234812126888,333400,33.339999999999996,4700,0.1375395060283273,-5500,-0.1609504857778298
,244,離開Long,TXF_Breakout_LX,2021-10-29 00:00:00,10:45:00,17061,1,,,,,,,,
123,245,進入Long,TXF_BreakOut_LE,2021-11-01 00:00:00,10:45:00,17040,1,7600,0.22300469483568075,341000,34.1,17500,0.5134976525821596,-2900,-0.08509389671361502
,246,離開Long,TXF_Breakout_LX,2021-11-01 00:00:00,21:00:00,17083,1,,,,,,,,
124,247,進入Long,TXF_BreakOut_LE,2021-11-02 00:00:00,03:00:00,17100,1,-6200,-0.18128654970760236,334800,33.48,1100,0.03216374269005848,-5700,-0.16666666666666669
,248,離開Long,TXF_ThisBar_LX,2021-11-02 00:00:00,03:00:00,17074,1,,,,,,,,
125,249,進入Long,TXF_BreakOut_LE,2021-11-05 00:00:00,10:45:00,17195,1,8600,0.2500726955510323,343400,34.339999999999996,18500,0.5379470776388484,-3300,-0.09595812736260541
,250,離開Long,TXF_Breakout_LX,2021-11-05 00:00:00,17:00:00,17243,1,,,,,,,,
126,251,進入Long,TXF_BreakOut_LE,2021-11-08 00:00:00,19:00:00,17475,1,-3400,-0.09728183118741059,340000,34,500,0.014306151645207441,-2900,-0.08297567954220315
,252,離開Long,TXF_Breakout_LX,2021-11-08 00:00:00,21:00:00,17463,1,,,,,,,,
127,253,進入Long,TXF_BreakOut_LE,2021-11-09 00:00:00,19:00:00,17626,1,-4200,-0.11914217633042098,335800,33.58,900,0.02553046635651878,-3700,-0.10495858391013276
,254,離開Long,TXF_Breakout_LX,2021-11-09 00:00:00,21:00:00,17610,1,,,,,,,,
128,255,進入Long,TXF_BreakOut_LE,2021-11-13 00:00:00,03:00:00,17600,1,2000,0.056818181818181816,337800,33.78,20900,0.59375,-5900,-0.16761363636363635
,256,離開Long,TXF_Breakout_LX,2021-11-15 00:00:00,12:45:00,17615,1,,,,,,,,
129,257,進入Long,TXF_BreakOut_LE,2021-11-19 00:00:00,03:00:00,17888,1,-1000,-0.02795169946332737,336800,33.68,11700,0.32703488372093026,-500,-0.013975849731663685
,258,離開Long,TXF_Breakout_LX,2021-11-19 00:00:00,10:45:00,17888,1,,,,,,,,
130,259,進入Long,TXF_BreakOut_LE,2021-11-23 00:00:00,01:00:00,17865,1,-13800,-0.38623005877413935,323000,32.300000000000004,4300,0.12034704729918837,-13300,-0.37223621606493146
,260,離開Long,TXF_ThisBar_LX,2021-11-23 00:00:00,01:00:00,17801,1,,,,,,,,
131,261,進入Long,TXF_BreakOut_LE,2021-11-24 00:00:00,17:00:00,17698,1,-6600,-0.1864617470900667,316400,31.64,3500,0.0988812295174596,-6100,-0.17233585715900102
,262,離開Long,TXF_Breakout_LX,2021-11-24 00:00:00,19:00:00,17670,1,,,,,,,,
132,263,進入Long,TXF_BreakOut_LE,2021-12-01 00:00:00,12:45:00,17494,1,13400,0.3829884531839488,329800,32.98,24100,0.6888075911741168,-500,-0.014290613924774207
,264,離開Long,TXF_Breakout_LX,2021-12-01 00:00:00,17:00:00,17566,1,,,,,,,,
133,265,進入Long,TXF_BreakOut_LE,2021-12-07 00:00:00,05:00:00,17704,1,-7000,-0.19769543605964754,322800,32.28,2100,0.05930863081789426,-6500,-0.18357433348395844
,266,離開Long,TXF_Breakout_LX,2021-12-07 00:00:00,10:45:00,17674,1,,,,,,,,
134,267,進入Long,TXF_BreakOut_LE,2021-12-16 00:00:00,10:45:00,17765,1,11200,0.3152265690965381,334000,33.4,16500,0.46439628482972134,-19300,-0.543202927103856
,268,離開Long,TXF_Breakout_LX,2021-12-16 00:00:00,21:00:00,17826,1,,,,,,,,
135,269,進入Long,TXF_BreakOut_LE,2021-12-21 00:00:00,12:45:00,17773,1,2600,0.07314465762673719,336600,33.660000000000004,10700,0.3010183986946492,-500,-0.014066280312834075
,270,離開Long,TXF_Breakout_LX,2021-12-21 00:00:00,17:00:00,17791,1,,,,,,,,
136,271,進入Long,TXF_BreakOut_LE,2022-01-17 00:00:00,19:00:00,18537,1,-2200,-0.05934077790365216,334400,33.44,2500,0.06743270216324108,-1700,-0.04585423747100394
,272,離開Long,TXF_Breakout_LX,2022-01-17 00:00:00,23:00:00,18531,1,,,,,,,,
137,273,進入Long,TXF_BreakOut_LE,2022-01-21 00:00:00,01:00:00,18270,1,-4800,-0.13136288998357964,329600,32.96,2900,0.07936507936507936,-4300,-0.1176792556102901
,274,離開Long,TXF_Breakout_LX,2022-01-21 00:00:00,05:00:00,18251,1,,,,,,,,
138,275,進入Long,TXF_BreakOut_LE,2022-01-26 00:00:00,05:00:00,17688,1,-15200,-0.4296698326549073,314400,31.44,12700,0.3590004522840344,-14700,-0.4155359565807327
,276,離開Long,TXF_Breakout_LX,2022-01-26 00:00:00,10:45:00,17617,1,,,,,,,,
139,277,進入Long,TXF_BreakOut_LE,2022-02-07 00:00:00,12:45:00,17846,1,4000,0.1120699316373417,318400,31.840000000000003,16300,0.45668497142216746,-500,-0.014008741454667713
,278,離開Long,TXF_Breakout_LX,2022-02-07 00:00:00,19:00:00,17871,1,,,,,,,,
140,279,進入Long,TXF_BreakOut_LE,2022-02-11 00:00:00,21:00:00,18350,1,-5000,-0.13623978201634876,313400,31.34,5500,0.14986376021798364,-4500,-0.1226158038147139
,280,離開Long,TXF_Breakout_LX,2022-02-12 00:00:00,01:00:00,18330,1,,,,,,,,
141,281,進入Long,TXF_BreakOut_LE,2022-02-15 00:00:00,19:00:00,18093,1,2000,0.05526999392030067,315400,31.540000000000003,9700,0.26805947051345824,-500,-0.013817498480075168
,282,離開Long,TXF_Breakout_LX,2022-02-15 00:00:00,23:00:00,18108,1,,,,,,,,
142,283,進入Long,TXF_BreakOut_LE,2022-02-18 00:00:00,13:45:00,18246,1,-9200,-0.252110051518141,306200,30.620000000000005,1100,0.030143593116299466,-8700,-0.23840841828345938
,284,離開Long,TXF_Breakout_LX,2022-02-18 00:00:00,17:00:00,18205,1,,,,,,,,
143,285,進入Long,TXF_BreakOut_LE,2022-02-21 00:00:00,13:45:00,18235,1,-6800,-0.18645462023581028,299400,29.94,3700,0.10145324924595558,-6300,-0.1727447216890595
,286,離開Long,TXF_Breakout_LX,2022-02-21 00:00:00,17:00:00,18206,1,,,,,,,,
144,287,進入Long,TXF_BreakOut_LE,2022-02-23 00:00:00,10:45:00,17988,1,13400,0.3724705359128308,312800,31.28,20500,0.5698243273293306,-8700,-0.2418278852568379
,288,離開Long,TXF_Breakout_LX,2022-02-23 00:00:00,21:00:00,18060,1,,,,,,,,
145,289,進入Long,TXF_BreakOut_LE,2022-02-25 00:00:00,10:45:00,17660,1,-21400,-0.6058890147225369,291400,29.14,7900,0.2236693091732729,-29900,-0.8465458663646659
,290,離開Long,TXF_Breakout_LX,2022-02-25 00:00:00,17:00:00,17558,1,,,,,,,,
146,291,進入Long,TXF_BreakOut_LE,2022-03-03 00:00:00,03:00:00,17903,1,-3600,-0.10054180863542422,287800,28.78,11900,0.3323465341004301,-3100,-0.08657766854717086
,292,離開Long,TXF_Breakout_LX,2022-03-03 00:00:00,10:45:00,17890,1,,,,,,,,
147,293,進入Long,TXF_BreakOut_LE,2022-03-09 00:00:00,10:45:00,16976,1,84600,2.4917530631479736,372400,37.24,95500,2.8127945334590008,-17300,-0.5095428840716305
,294,離開Long,TXF_Breakout_LX,2022-03-10 00:00:00,13:45:00,17404,1,,,,,,,,
148,295,進入Long,TXF_BreakOut_LE,2022-03-16 00:00:00,03:00:00,17022,1,1600,0.04699800258489014,374000,37.4,14100,0.4141698977793444,-500,-0.014686875807778171
,296,離開Long,TXF_Breakout_LX,2022-03-16 00:00:00,10:45:00,17035,1,,,,,,,,
149,297,進入Long,TXF_BreakOut_LE,2022-03-24 00:00:00,12:45:00,17677,1,-5400,-0.15274084969168977,368600,36.86,1500,0.04242801380324716,-4900,-0.13859817842394073
,298,離開Long,TXF_Breakout_LX,2022-03-24 00:00:00,17:00:00,17655,1,,,,,,,,
150,299,進入Long,TXF_BreakOut_LE,2022-03-29 00:00:00,05:00:00,17550,1,-3800,-0.10826210826210828,364800,36.480000000000004,6100,0.17378917378917377,-3300,-0.09401709401709402
,300,離開Long,TXF_Breakout_LX,2022-03-29 00:00:00,10:45:00,17536,1,,,,,,,,
151,301,進入Long,TXF_BreakOut_LE,2022-03-31 00:00:00,10:45:00,17747,1,-12800,-0.36062433087282353,352000,35.199999999999996,4900,0.13805150166225277,-12900,-0.3634417084577675
,302,離開Long,TXF_Breakout_LX,2022-03-31 00:00:00,13:45:00,17688,1,,,,,,,,
152,303,進入Long,TXF_BreakOut_LE,2022-04-12 00:00:00,23:00:00,17137,1,-12000,-0.3501196242049367,340000,34,1300,0.037929625955534806,-11500,-0.335531306529731
,304,離開Long,TXF_Breakout_LX,2022-04-13 00:00:00,01:00:00,17082,1,,,,,,,,
153,305,進入Long,TXF_BreakOut_LE,2022-04-13 00:00:00,12:45:00,17249,1,3800,0.11015131311960115,343800,34.38,13900,0.4029219085164357,-500,-0.014493593831526467
,306,離開Long,TXF_Breakout_LX,2022-04-13 00:00:00,17:00:00,17273,1,,,,,,,,
154,307,進入Long,TXF_BreakOut_LE,2022-04-14 00:00:00,01:00:00,17328,1,-8000,-0.23084025854108958,335800,33.58,1300,0.03751154201292706,-7500,-0.21641274238227148
,308,離開Long,TXF_Breakout_LX,2022-04-14 00:00:00,03:00:00,17293,1,,,,,,,,
155,309,進入Long,TXF_BreakOut_LE,2022-04-28 00:00:00,12:45:00,16400,1,-12400,-0.3780487804878049,323400,32.34,2700,0.08231707317073171,-11900,-0.36280487804878053
,310,離開Long,TXF_Breakout_LX,2022-04-28 00:00:00,13:45:00,16343,1,,,,,,,,
156,311,進入Long,TXF_BreakOut_LE,2022-05-04 00:00:00,03:00:00,16491,1,800,0.024255654599478503,324200,32.42,19100,0.5791037535625493,-10700,-0.32441938026802497
,312,離開Long,TXF_Breakout_LX,2022-05-04 00:00:00,12:45:00,16500,1,,,,,,,,
157,313,進入Long,TXF_BreakOut_LE,2022-05-13 00:00:00,01:00:00,15723,1,-24200,-0.7695732366596706,300000,30,2700,0.08586147681740126,-23700,-0.7536729631749667
,314,離開Long,TXF_Breakout_LX,2022-05-13 00:00:00,03:00:00,15607,1,,,,,,,,
158,315,進入Long,TXF_BreakOut_LE,2022-05-13 00:00:00,10:45:00,15777,1,31000,0.9824427964758827,331000,33.1,40300,1.2771756354186474,-7300,-0.23134943271851427
,316,離開Long,TXF_Breakout_LX,2022-05-14 00:00:00,03:00:00,15937,1,,,,,,,,
159,317,進入Long,TXF_BreakOut_LE,2022-05-20 00:00:00,05:00:00,16025,1,30000,0.93603744149766,361000,36.1,39500,1.2324492979719188,-11500,-0.35881435257410293
,318,離開Long,TXF_Breakout_LX,2022-05-20 00:00:00,21:00:00,16180,1,,,,,,,,
160,319,進入Long,TXF_BreakOut_LE,2022-05-23 00:00:00,10:45:00,16220,1,-15200,-0.46855733662145505,345800,34.58,8100,0.249691738594328,-29300,-0.9032059186189888
,320,離開Long,TXF_Breakout_LX,2022-05-23 00:00:00,13:45:00,16149,1,,,,,,,,
161,321,進入Long,TXF_BreakOut_LE,2022-05-25 00:00:00,12:45:00,16078,1,-6200,-0.19281005100136833,339600,33.96,13100,0.4073889787286976,-5700,-0.17726085333996766
,322,離開Long,TXF_Breakout_LX,2022-05-25 00:00:00,17:00:00,16052,1,,,,,,,,
162,323,進入Long,TXF_BreakOut_LE,2022-06-15 00:00:00,10:45:00,16055,1,-3800,-0.1183431952662722,335800,33.58,7700,0.2398006851448147,-11700,-0.3643724696356275
,324,離開Long,TXF_Settlement_LX,2022-06-15 00:00:00,12:45:00,16041,1,,,,,,,,
163,325,進入Long,TXF_BreakOut_LE,2022-06-24 00:00:00,10:45:00,15035,1,-6800,-0.22613900897904887,329000,32.9,20900,0.6950448952444297,-6300,-0.20951114067176588
,326,離開Long,TXF_Breakout_LX,2022-06-24 00:00:00,12:45:00,15006,1,,,,,,,,
164,327,進入Long,TXF_BreakOut_LE,2022-07-06 00:00:00,05:00:00,14193,1,-9800,-0.34524061156908337,319200,31.919999999999998,13900,0.4896780102867611,-9300,-0.32762629465229337
,328,離開Long,TXF_Breakout_LX,2022-07-06 00:00:00,10:45:00,14149,1,,,,,,,,
165,329,進入Long,TXF_BreakOut_LE,2022-07-07 00:00:00,01:00:00,13973,1,2800,0.1001932298003292,322000,32.2,54300,1.9430329921992413,-13500,-0.4830745008230158
,330,離開Long,TXF_Breakout_LX,2022-07-07 00:00:00,10:45:00,13992,1,,,,,,,,
166,331,進入Long,TXF_BreakOut_LE,2022-07-13 00:00:00,12:45:00,14332,1,-13800,-0.4814401339659503,308200,30.819999999999997,4300,0.15001395478649177,-13300,-0.4639966508512419
,332,離開Long,TXF_Breakout_LX,2022-07-13 00:00:00,13:45:00,14268,1,,,,,,,,
167,333,進入Long,TXF_BreakOut_LE,2022-07-15 00:00:00,05:00:00,14467,1,-10000,-0.3456141563558443,298200,29.82,900,0.03110527407202599,-9500,-0.32833344853805213
,334,離開Long,TXF_Breakout_LX,2022-07-15 00:00:00,10:45:00,14422,1,,,,,,,,
168,335,進入Long,TXF_BreakOut_LE,2022-07-27 00:00:00,13:45:00,14782,1,-1600,-0.05411987552428629,296600,29.659999999999997,5100,0.17250710323366256,-1700,-0.05750236774455419
,336,離開Long,TXF_Breakout_LX,2022-07-27 00:00:00,21:00:00,14779,1,,,,,,,,
169,337,進入Long,TXF_BreakOut_LE,2022-08-10 00:00:00,23:00:00,15017,1,43800,1.4583472064993008,340400,34.04,62500,2.080974895118865,-500,-0.01664779916095092
,338,離開Long,TXF_Breakout_LX,2022-08-12 00:00:00,03:00:00,15241,1,,,,,,,,
170,339,進入Long,TXF_BreakOut_LE,2022-08-13 00:00:00,01:00:00,15325,1,6400,0.20880913539967375,346800,34.68,14300,0.466557911908646,-1900,-0.06199021207177814
,340,離開Long,TXF_Breakout_LX,2022-08-15 00:00:00,10:45:00,15362,1,,,,,,,,
171,341,進入Long,TXF_BreakOut_LE,2022-08-17 00:00:00,10:45:00,15440,1,-3600,-0.116580310880829,343200,34.32,3500,0.11334196891191708,-3300,-0.10686528497409326
,342,離開Long,TXF_Settlement_LX,2022-08-17 00:00:00,12:45:00,15427,1,,,,,,,,
172,343,進入Long,TXF_BreakOut_LE,2022-08-18 00:00:00,21:00:00,15354,1,-5200,-0.16933698059137683,338000,33.800000000000004,1500,0.04884720593982024,-4700,-0.15305457861143676
,344,離開Long,TXF_Breakout_LX,2022-08-18 00:00:00,23:00:00,15333,1,,,,,,,,
173,345,進入Long,TXF_BreakOut_LE,2022-08-24 00:00:00,23:00:00,15098,1,-3000,-0.09935090740495431,335000,33.5,5500,0.18214333024241622,-10300,-0.3411047820903431
,346,離開Long,TXF_Breakout_LX,2022-08-25 00:00:00,03:00:00,15088,1,,,,,,,,
174,347,進入Long,TXF_BreakOut_LE,2022-08-31 00:00:00,12:45:00,14977,1,9800,0.32716832476463914,344800,34.48,23900,0.7978900981504975,-500,-0.016692261467583628
,348,離開Long,TXF_Breakout_LX,2022-08-31 00:00:00,17:00:00,15031,1,,,,,,,,
175,349,進入Long,TXF_BreakOut_LE,2022-09-02 00:00:00,05:00:00,14752,1,-5600,-0.1898047722342733,339200,33.92,13100,0.44400759219088937,-5100,-0.17285791757049893
,350,離開Long,TXF_Breakout_LX,2022-09-02 00:00:00,10:45:00,14729,1,,,,,,,,
176,351,進入Long,TXF_BreakOut_LE,2022-09-06 00:00:00,10:45:00,14720,1,-20600,-0.6997282608695653,318600,31.86,9500,0.3226902173913043,-20100,-0.6827445652173912
,352,離開Long,TXF_ThisBar_LX,2022-09-06 00:00:00,10:45:00,14622,1,,,,,,,,
177,353,進入Long,TXF_BreakOut_LE,2022-09-08 00:00:00,03:00:00,14433,1,4200,0.1454998960715028,322800,32.28,12700,0.43996397145430616,-500,-0.01732141619898843
,354,離開Long,TXF_Breakout_LX,2022-09-08 00:00:00,10:45:00,14459,1,,,,,,,,
178,355,進入Long,TXF_BreakOut_LE,2022-09-15 00:00:00,10:45:00,14653,1,-4600,-0.1569644441411315,318200,31.819999999999997,11900,0.4060601924520576,-4500,-0.15355217361632428
,356,離開Long,TXF_Breakout_LX,2022-09-15 00:00:00,17:00:00,14635,1,,,,,,,,
179,357,進入Long,TXF_BreakOut_LE,2022-09-20 00:00:00,01:00:00,14484,1,-2200,-0.075945871306269,316000,31.6,12700,0.4384148025407346,-11700,-0.40389395194697597
,358,離開Long,TXF_Breakout_LX,2022-09-20 00:00:00,10:45:00,14478,1,,,,,,,,
180,359,進入Long,TXF_BreakOut_LE,2022-09-29 00:00:00,01:00:00,13603,1,9600,0.352863338969345,325600,32.56,17500,0.6432404616628685,-500,-0.018378298904653388
,360,離開Long,TXF_Breakout_LX,2022-09-29 00:00:00,10:45:00,13656,1,,,,,,,,
181,361,進入Long,TXF_BreakOut_LE,2022-09-30 00:00:00,13:45:00,13450,1,-9000,-0.3345724907063197,316600,31.66,2500,0.09293680297397769,-11500,-0.4275092936802974
,362,離開Long,TXF_Breakout_LX,2022-09-30 00:00:00,19:00:00,13410,1,,,,,,,,
182,363,進入Long,TXF_BreakOut_LE,2022-10-06 00:00:00,03:00:00,13834,1,-2000,-0.07228567297961544,314600,31.46,24100,0.871042359404366,-5100,-0.18432846609801937
,364,離開Long,TXF_Breakout_LX,2022-10-06 00:00:00,17:00:00,13829,1,,,,,,,,
183,365,進入Long,TXF_BreakOut_LE,2022-10-14 00:00:00,01:00:00,13022,1,19400,0.7448932575641223,334000,33.4,28700,1.1019812624788818,-500,-0.019198279834126863
,366,離開Long,TXF_Breakout_LX,2022-10-14 00:00:00,10:45:00,13124,1,,,,,,,,
184,367,進入Long,TXF_BreakOut_LE,2022-10-20 00:00:00,21:00:00,12954,1,2200,0.08491585610622202,336200,33.62,24300,0.9379342288096341,-13500,-0.5210745715609079
,368,離開Long,TXF_Breakout_LX,2022-10-21 00:00:00,03:00:00,12970,1,,,,,,,,
185,369,進入Long,TXF_BreakOut_LE,2022-10-26 00:00:00,01:00:00,12810,1,-5400,-0.2107728337236534,330800,33.08,6500,0.2537080405932865,-4900,-0.1912568306010929
,370,離開Long,TXF_Breakout_LX,2022-10-26 00:00:00,03:00:00,12788,1,,,,,,,,
186,371,進入Long,TXF_BreakOut_LE,2022-10-29 00:00:00,01:00:00,12837,1,6800,0.2648593908234011,337600,33.76,18100,0.7049933785152295,-500,-0.019474955207603024
,372,離開Long,TXF_Breakout_LX,2022-10-31 00:00:00,10:45:00,12876,1,,,,,,,,
187,373,進入Long,TXF_BreakOut_LE,2022-11-04 00:00:00,12:45:00,12967,1,11800,0.455001156782602,349400,34.94,24500,0.944705791624894,-1700,-0.06555101411274775
,374,離開Long,TXF_Breakout_LX,2022-11-04 00:00:00,21:00:00,13031,1,,,,,,,,
188,375,進入Long,TXF_BreakOut_LE,2022-11-11 00:00:00,01:00:00,13780,1,62000,2.2496371552975325,411400,41.14,72300,2.623367198838897,-2500,-0.09071117561683599
,376,離開Long,TXF_Breakout_LX,2022-11-11 00:00:00,21:00:00,14095,1,,,,,,,,
189,377,進入Long,TXF_BreakOut_LE,2022-11-15 00:00:00,12:45:00,14550,1,32400,1.1134020618556701,443800,44.379999999999995,51500,1.7697594501718212,-21300,-0.7319587628865979
,378,離開Long,TXF_Breakout_LX,2022-11-16 00:00:00,03:00:00,14717,1,,,,,,,,
190,379,進入Long,TXF_BreakOut_LE,2022-11-30 00:00:00,10:45:00,14669,1,22800,0.7771490899175131,466600,46.660000000000004,33300,1.135046697116368,-500,-0.017042743199945466
,380,離開Long,TXF_Breakout_LX,2022-11-30 00:00:00,17:00:00,14788,1,,,,,,,,
191,381,進入Long,TXF_BreakOut_LE,2022-12-05 00:00:00,10:45:00,14936,1,-3800,-0.1272094268880557,462800,46.28,21500,0.7197375468666309,-3300,-0.11047134440278522
,382,離開Long,TXF_Breakout_LX,2022-12-05 00:00:00,13:45:00,14922,1,,,,,,,,
192,383,進入Long,TXF_BreakOut_LE,2022-12-09 00:00:00,01:00:00,14634,1,-2800,-0.0956676233429001,460000,46,6500,0.2220855541888752,-5300,-0.18108514418477517
,384,離開Long,TXF_Breakout_LX,2022-12-09 00:00:00,10:45:00,14625,1,,,,,,,,
193,385,進入Long,TXF_BreakOut_LE,2022-12-19 00:00:00,19:00:00,14485,1,-6000,-0.20711080428028997,454000,45.4,900,0.03106662064204349,-5500,-0.18985157059026578
,386,離開Long,TXF_Breakout_LX,2022-12-19 00:00:00,21:00:00,14460,1,,,,,,,,
194,387,進入Long,TXF_BreakOut_LE,2022-12-29 00:00:00,21:00:00,14084,1,20800,0.7384265833570008,474800,47.48,26900,0.9549843794376598,-4100,-0.1455552399886396
,388,離開Long,TXF_Breakout_LX,2022-12-30 00:00:00,10:45:00,14193,1,,,,,,,,
195,389,進入Long,TXF_BreakOut_LE,2023-01-06 00:00:00,12:45:00,14347,1,400,0.01394019655677145,475200,47.52,10700,0.37290025789363634,-500,-0.017425245695964313
,390,離開Long,TXF_Breakout_LX,2023-01-06 00:00:00,17:00:00,14354,1,,,,,,,,
196,391,進入Long,TXF_BreakOut_LE,2023-01-13 00:00:00,03:00:00,14958,1,-1600,-0.05348308597406071,473600,47.36,11900,0.3977804519320765,-1100,-0.036769621607166736
,392,離開Long,TXF_Breakout_LX,2023-01-13 00:00:00,10:45:00,14955,1,,,,,,,,
197,393,進入Long,TXF_BreakOut_LE,2023-01-18 00:00:00,01:00:00,14999,1,2000,0.06667111140742715,475600,47.56,7300,0.24334955663710914,-500,-0.016667777851856788
,394,離開Long,TXF_Holiday_LX,2023-01-18 00:00:00,03:00:00,15014,1,,,,,,,,
198,395,進入Long,TXF_BreakOut_LE,2023-02-01 00:00:00,23:00:00,15418,1,-6000,-0.1945777662472435,469600,46.96,6300,0.20430665455960567,-5500,-0.17836295239330652
,396,離開Long,TXF_Breakout_LX,2023-02-02 00:00:00,01:00:00,15393,1,,,,,,,,
199,397,進入Long,TXF_BreakOut_LE,2023-02-02 00:00:00,10:45:00,15552,1,4000,0.1286008230452675,473600,47.36,9100,0.29256687242798357,-17300,-0.5561985596707819
,398,離開Long,TXF_Breakout_LX,2023-02-02 00:00:00,17:00:00,15577,1,,,,,,,,
200,399,進入Long,TXF_BreakOut_LE,2023-02-13 00:00:00,19:00:00,15579,1,-2800,-0.0898645612683741,470800,47.08,3100,0.09949290711855703,-2300,-0.07381731818473586
,400,離開Long,TXF_Breakout_LX,2023-02-13 00:00:00,23:00:00,15570,1,,,,,,,,
201,401,進入Long,TXF_BreakOut_LE,2023-02-23 00:00:00,12:45:00,15622,1,-5800,-0.18563564204327232,465000,46.5,6300,0.2016387146332096,-5300,-0.16963256945333505
,402,離開Long,TXF_Breakout_LX,2023-02-23 00:00:00,13:45:00,15598,1,,,,,,,,
202,403,進入Long,TXF_BreakOut_LE,2023-03-01 00:00:00,12:45:00,15506,1,12800,0.4127434541467819,477800,47.78,17100,0.5513994582742164,-500,-0.016122791177608668
,404,離開Long,TXF_Breakout_LX,2023-03-01 00:00:00,23:00:00,15575,1,,,,,,,,
203,405,進入Long,TXF_BreakOut_LE,2023-03-03 00:00:00,01:00:00,15580,1,2200,0.07060333761232349,480000,48,12700,0.4075738125802311,-5300,-0.17008985879332478
,406,離開Long,TXF_Breakout_LX,2023-03-03 00:00:00,10:45:00,15596,1,,,,,,,,
204,407,進入Long,TXF_BreakOut_LE,2023-03-10 00:00:00,01:00:00,15789,1,-8400,-0.2660079802394072,471600,47.160000000000004,1300,0.04116790170371778,-7900,-0.2501741718918234
,408,離開Long,TXF_Breakout_LX,2023-03-10 00:00:00,03:00:00,15752,1,,,,,,,,
205,409,進入Long,TXF_BreakOut_LE,2023-03-14 00:00:00,23:00:00,15446,1,-600,-0.019422504208209245,471000,47.099999999999994,5500,0.17803962190858474,-500,-0.016185420173507704
,410,離開Long,TXF_Breakout_LX,2023-03-15 00:00:00,03:00:00,15448,1,,,,,,,,
206,411,進入Long,TXF_BreakOut_LE,2023-03-15 00:00:00,10:45:00,15496,1,-1400,-0.045172947857511615,469600,46.96,6700,0.2161848218895199,-900,-0.02903975219411461
,412,離開Long,TXF_Settlement_LX,2023-03-15 00:00:00,12:45:00,15494,1,,,,,,,,
207,413,進入Long,TXF_BreakOut_LE,2023-03-17 00:00:00,01:00:00,15254,1,10200,0.3343385341549758,479800,47.980000000000004,19900,0.6522879244788252,-500,-0.016389143831126263
,414,離開Long,TXF_Breakout_LX,2023-03-17 00:00:00,10:45:00,15310,1,,,,,,,,
208,415,進入Long,TXF_BreakOut_LE,2023-03-27 00:00:00,10:45:00,15882,1,-11400,-0.35889686437476387,468400,46.839999999999996,0,0,-10900,-0.34315577383201107
,416,離開Long,TXF_ThisBar_LX,2023-03-27 00:00:00,10:45:00,15830,1,,,,,,,,
209,417,進入Long,TXF_BreakOut_LE,2023-03-31 00:00:00,23:00:00,15898,1,-1000,-0.0314504969178513,467400,46.739999999999995,4700,0.14781733551390114,-500,-0.01572524845892565
,418,離開Long,TXF_Breakout_LX,2023-04-01 00:00:00,03:00:00,15898,1,,,,,,,,
210,419,進入Long,TXF_BreakOut_LE,2023-04-14 00:00:00,03:00:00,15880,1,-600,-0.01889168765743073,466800,46.68,5900,0.1857682619647355,-500,-0.015743073047858942
,420,離開Long,TXF_Breakout_LX,2023-04-14 00:00:00,10:45:00,15882,1,,,,,,,,
211,421,進入Long,TXF_BreakOut_LE,2023-04-20 00:00:00,03:00:00,15773,1,-4400,-0.13947885627337855,462400,46.239999999999995,500,0.015849870031065746,-3900,-0.12362898624231282
,422,離開Long,TXF_Breakout_LX,2023-04-20 00:00:00,05:00:00,15756,1,,,,,,,,
212,423,進入Long,TXF_BreakOut_LE,2023-04-21 00:00:00,03:00:00,15790,1,-9600,-0.3039898670044332,452800,45.28,300,0.009499683343888538,-9100,-0.2881570614312856
,424,離開Long,TXF_ThisBar_LX,2023-04-21 00:00:00,03:00:00,15747,1,,,,,,,,
213,425,進入Long,TXF_BreakOut_LE,2023-04-24 00:00:00,21:00:00,15660,1,-3600,-0.11494252873563218,449200,44.92,1500,0.047892720306513405,-3100,-0.09897828863346106
,426,離開Long,TXF_Breakout_LX,2023-04-24 00:00:00,23:00:00,15647,1,,,,,,,,
214,427,進入Long,TXF_BreakOut_LE,2023-05-04 00:00:00,13:45:00,15615,1,-4800,-0.15369836695485112,444400,44.440000000000005,300,0.009606147934678195,-4300,-0.1376881203970541
,428,離開Long,TXF_Breakout_LX,2023-05-04 00:00:00,17:00:00,15596,1,,,,,,,,
215,429,進入Long,TXF_BreakOut_LE,2023-05-10 00:00:00,23:00:00,15657,1,-8200,-0.2618637031359775,436200,43.62,900,0.028741138149070703,-9500,-0.30337868046241295
,430,離開Long,TXF_Breakout_LX,2023-05-11 00:00:00,03:00:00,15621,1,,,,,,,,
216,431,進入Long,TXF_BreakOut_LE,2023-05-15 00:00:00,17:00:00,15536,1,-3000,-0.09654994850669413,433200,43.32,2100,0.06758496395468588,-3300,-0.10620494335736354
,432,離開Long,TXF_Breakout_LX,2023-05-15 00:00:00,21:00:00,15526,1,,,,,,,,
217,433,進入Long,TXF_BreakOut_LE,2023-05-23 00:00:00,12:45:00,16179,1,-13400,-0.4141170653316027,419800,41.980000000000004,2700,0.08344149823845726,-16900,-0.5222819704555287
,434,離開Long,TXF_Breakout_LX,2023-05-23 00:00:00,17:00:00,16117,1,,,,,,,,
218,435,進入Long,TXF_BreakOut_LE,2023-06-09 00:00:00,01:00:00,16786,1,2200,0.0655307994757536,422000,42.199999999999996,10500,0.3127606338615513,-500,-0.01489336351721673
,436,離開Long,TXF_Breakout_LX,2023-06-09 00:00:00,10:45:00,16802,1,,,,,,,,
219,437,進入Long,TXF_BreakOut_LE,2023-06-12 00:00:00,19:00:00,16984,1,-5000,-0.14719736222326896,417000,41.699999999999996,1500,0.04415920866698069,-4500,-0.13247762600094207
,438,離開Long,TXF_Breakout_LX,2023-06-12 00:00:00,21:00:00,16964,1,,,,,,,,
220,439,進入Long,TXF_BreakOut_LE,2023-06-13 00:00:00,12:45:00,17216,1,800,0.023234200743494422,417800,41.78,11100,0.32237453531598514,-3300,-0.0958410780669145
,440,離開Long,TXF_Breakout_LX,2023-06-13 00:00:00,19:00:00,17225,1,,,,,,,,
221,441,進入Long,TXF_BreakOut_LE,2023-06-15 00:00:00,13:45:00,17327,1,-4200,-0.12119813008599296,413600,41.36,3700,0.1067697812662319,-3700,-0.1067697812662319
,442,離開Long,TXF_Breakout_LX,2023-06-15 00:00:00,19:00:00,17311,1,,,,,,,,
222,443,進入Long,TXF_BreakOut_LE,2023-06-28 00:00:00,01:00:00,16774,1,3200,0.09538571598903064,416800,41.68,13900,0.41433170382735185,-500,-0.014904018123286037
,444,離開Long,TXF_Breakout_LX,2023-06-28 00:00:00,10:45:00,16795,1,,,,,,,,
223,445,進入Long,TXF_BreakOut_LE,2023-06-29 00:00:00,01:00:00,16783,1,-4200,-0.1251266162187928,412600,41.260000000000005,7300,0.21748197580885423,-3700,-0.11023059047846034
,446,離開Long,TXF_Breakout_LX,2023-06-29 00:00:00,05:00:00,16767,1,,,,,,,,
224,447,進入Long,TXF_BreakOut_LE,2023-06-30 00:00:00,13:45:00,16804,1,14200,0.42251844798857413,426800,42.68,19700,0.5861699595334444,-6300,-0.1874553677695787
,448,離開Long,TXF_Breakout_LX,2023-07-01 00:00:00,05:00:00,16880,1,,,,,,,,
225,449,進入Long,TXF_BreakOut_LE,2023-07-08 00:00:00,01:00:00,16686,1,5400,0.16181229773462785,432200,43.22,14300,0.4285029365935515,-500,-0.014982620160613688
,450,離開Long,TXF_Breakout_LX,2023-07-08 00:00:00,05:00:00,16718,1,,,,,,,,
226,451,進入Long,TXF_BreakOut_LE,2023-07-19 00:00:00,01:00:00,17264,1,200,0.0057924003707136235,432400,43.24,11700,0.338855421686747,-11300,-0.3272706209453197
,452,離開Long,TXF_Breakout_LX,2023-07-19 00:00:00,10:45:00,17270,1,,,,,,,,
227,453,進入Long,TXF_BreakOut_LE,2023-07-24 00:00:00,12:45:00,17016,1,-5800,-0.1704278326281147,426600,42.66,1100,0.03232251998119417,-22300,-0.6552656323460273
,454,離開Long,TXF_Breakout_LX,2023-07-24 00:00:00,21:00:00,16992,1,,,,,,,,
228,455,進入Long,TXF_BreakOut_LE,2023-07-27 00:00:00,03:00:00,17136,1,30000,0.8753501400560224,456600,45.660000000000004,38900,1.1350373482726424,-7900,-0.23050887021475258
,456,離開Long,TXF_Breakout_LX,2023-07-27 00:00:00,23:00:00,17291,1,,,,,,,,
229,457,進入Long,TXF_BreakOut_LE,2023-07-28 00:00:00,21:00:00,17330,1,5800,0.16733987305251008,462400,46.239999999999995,10700,0.3087132140796307,-1900,-0.054818234275822275
,458,離開Long,TXF_Breakout_LX,2023-07-29 00:00:00,03:00:00,17364,1,,,,,,,,
230,459,進入Long,TXF_BreakOut_LE,2023-08-01 00:00:00,10:45:00,17160,1,-9400,-0.2738927738927739,453000,45.300000000000004,11100,0.32342657342657344,-8900,-0.25932400932400934
,460,離開Long,TXF_ThisBar_LX,2023-08-01 00:00:00,10:45:00,17118,1,,,,,,,,
231,461,進入Long,TXF_BreakOut_LE,2023-08-05 00:00:00,01:00:00,16846,1,-8200,-0.24338121809331592,444800,44.48,15100,0.44817760892793546,-7700,-0.22854089991689422
,462,離開Long,TXF_Breakout_LX,2023-08-05 00:00:00,03:00:00,16810,1,,,,,,,,
232,463,進入Long,TXF_BreakOut_LE,2023-08-07 00:00:00,12:45:00,17002,1,-4800,-0.14115986354546525,440000,44,9500,0.27937889660039994,-7500,-0.22056228678978945
,464,離開Long,TXF_Breakout_LX,2023-08-07 00:00:00,19:00:00,16983,1,,,,,,,,
233,465,進入Long,TXF_BreakOut_LE,2023-08-15 00:00:00,01:00:00,16447,1,1600,0.04864108956040615,441600,44.16,18100,0.5502523256520947,-5100,-0.15504347297379462
,466,離開Long,TXF_Breakout_LX,2023-08-15 00:00:00,12:45:00,16460,1,,,,,,,,
234,467,進入Long,TXF_BreakOut_LE,2023-08-17 00:00:00,12:45:00,16435,1,14600,0.4441740188621843,456200,45.62,21500,0.6540918770915729,-500,-0.0152114390021296
,468,離開Long,TXF_Breakout_LX,2023-08-17 00:00:00,23:00:00,16513,1,,,,,,,,
235,469,進入Long,TXF_BreakOut_LE,2023-09-05 00:00:00,13:45:00,16764,1,-6200,-0.18492006680983059,450000,45,0,0,-5700,-0.17000715819613457
,470,離開Long,TXF_Breakout_LX,2023-09-05 00:00:00,17:00:00,16738,1,,,,,,,,
236,471,進入Long,TXF_BreakOut_LE,2023-09-08 00:00:00,12:45:00,16566,1,-6600,-0.199203187250996,443400,44.34,2100,0.0633828323071351,-6100,-0.18411203670167814
,472,離開Long,TXF_Breakout_LX,2023-09-08 00:00:00,13:45:00,16538,1,,,,,,,,
237,473,進入Long,TXF_BreakOut_LE,2023-09-08 00:00:00,23:00:00,16588,1,-7000,-0.21099590065107304,436400,43.64,1500,0.045213407282372796,-6500,-0.1959247648902821
,474,離開Long,TXF_Breakout_LX,2023-09-09 00:00:00,03:00:00,16558,1,,,,,,,,
238,475,進入Long,TXF_BreakOut_LE,2023-09-25 00:00:00,12:45:00,16464,1,-3200,-0.09718172983479105,433200,43.32,4900,0.1488095238095238,-2700,-0.08199708454810496
,476,離開Long,TXF_Breakout_LX,2023-09-25 00:00:00,17:00:00,16453,1,,,,,,,,
239,477,進入Long,TXF_BreakOut_LE,2023-10-07 00:00:00,01:00:00,16580,1,23000,0.6936067551266586,456200,45.62,49300,1.4867310012062727,-500,-0.015078407720144751
,478,離開Long,TXF_Breakout_LX,2023-10-11 00:00:00,17:00:00,16700,1,,,,,,,,
240,479,進入Long,TXF_BreakOut_LE,2023-10-17 00:00:00,01:00:00,16765,1,-3800,-0.11333134506412168,452400,45.24,1500,0.044736057262153295,-3300,-0.09841932597673725
,480,離開Long,TXF_Breakout_LX,2023-10-17 00:00:00,03:00:00,16751,1,,,,,,,,
241,481,進入Long,TXF_BreakOut_LE,2023-10-18 00:00:00,01:00:00,16676,1,-13000,-0.3897817222355481,439400,43.94,3900,0.11693451667066444,-12500,-0.37479011753418084
,482,離開Long,TXF_Breakout_LX,2023-10-18 00:00:00,10:45:00,16616,1,,,,,,,,
242,483,進入Long,TXF_BreakOut_LE,2023-10-19 00:00:00,21:00:00,16530,1,-6000,-0.18148820326678766,433400,43.34,4900,0.1482153660012099,-7900,-0.23895946763460374
,484,離開Long,TXF_Breakout_LX,2023-10-20 00:00:00,01:00:00,16505,1,,,,,,,,
243,485,進入Long,TXF_BreakOut_LE,2023-10-24 00:00:00,01:00:00,16296,1,-1800,-0.05522827687776141,431600,43.16,9900,0.3037555228276878,-1300,-0.03988708885616102
,486,離開Long,TXF_Breakout_LX,2023-10-24 00:00:00,05:00:00,16292,1,,,,,,,,
244,487,進入Long,TXF_BreakOut_LE,2023-11-17 00:00:00,10:45:00,17222,1,-4800,-0.13935663685983046,426800,42.68,5500,0.1596794797352224,-5500,-0.1596794797352224
,488,離開Long,TXF_Breakout_LX,2023-11-17 00:00:00,17:00:00,17203,1,,,,,,,,
245,489,進入Long,TXF_BreakOut_LE,2023-11-21 00:00:00,01:00:00,17247,1,30000,0.869716472429988,456800,45.68,35100,1.0175682727430857,-3300,-0.09566881196729866
,490,離開Long,TXF_Breakout_LX,2023-11-21 00:00:00,13:45:00,17402,1,,,,,,,,
246,491,進入Long,TXF_BreakOut_LE,2023-11-23 00:00:00,19:00:00,17374,1,-11000,-0.31656498215724643,445800,44.58,0,0,-10500,-0.3021756647864625
,492,離開Long,TXF_ThisBar_LX,2023-11-23 00:00:00,19:00:00,17324,1,,,,,,,,
247,493,進入Long,TXF_BreakOut_LE,2023-11-24 00:00:00,10:45:00,17346,1,-10000,-0.28825089357777006,435800,43.580000000000005,300,0.008647526807333102,-9500,-0.2738383488988816
,494,離開Long,TXF_ThisBar_LX,2023-11-24 00:00:00,10:45:00,17301,1,,,,,,,,
248,495,進入Long,TXF_BreakOut_LE,2023-11-29 00:00:00,10:45:00,17377,1,-7600,-0.21867986418829488,428200,42.82,14100,0.40570869540196813,-7100,-0.2042930310180123
,496,離開Long,TXF_Breakout_LX,2023-11-29 00:00:00,13:45:00,17344,1,,,,,,,,
249,497,進入Long,TXF_BreakOut_LE,2023-12-02 00:00:00,03:00:00,17480,1,-4000,-0.11441647597254005,424200,42.42,4900,0.14016018306636155,-3500,-0.10011441647597254
,498,離開Long,TXF_Breakout_LX,2023-12-04 00:00:00,10:45:00,17465,1,,,,,,,,
250,499,進入Long,TXF_BreakOut_LE,2023-12-06 00:00:00,10:45:00,17367,1,600,0.017274140611504576,424800,42.480000000000004,16700,0.4807969136868774,-4700,-0.13531410145678585
,500,離開Long,TXF_Breakout_LX,2023-12-06 00:00:00,13:45:00,17375,1,,,,,,,,
251,501,進入Long,TXF_BreakOut_LE,2023-12-14 00:00:00,10:45:00,17608,1,8400,0.23852794184461606,433200,43.32,16100,0.45717855520218087,-3100,-0.08802816901408451
,502,離開Long,TXF_Breakout_LX,2023-12-14 00:00:00,23:00:00,17655,1,,,,,,,,
252,503,進入Long,TXF_BreakOut_LE,2023-12-15 00:00:00,10:45:00,17771,1,-11600,-0.3263744302515334,421600,42.16,300,0.008440718023746553,-11100,-0.31230656687862246
,504,離開Long,TXF_Breakout_LX,2023-12-15 00:00:00,12:45:00,17718,1,,,,,,,,
253,505,進入Long,TXF_BreakOut_LE,2023-12-20 00:00:00,17:00:00,17664,1,-3200,-0.09057971014492754,418400,41.839999999999996,2300,0.06510416666666666,-2700,-0.07642663043478261
,506,離開Long,TXF_Breakout_LX,2023-12-20 00:00:00,19:00:00,17653,1,,,,,,,,
254,507,進入Long,TXF_BreakOut_LE,2024-01-06 00:00:00,01:00:00,17552,1,-4600,-0.13103919781221512,413800,41.38,10100,0.28771649954421147,-4100,-0.11679580674567001
,508,離開Long,TXF_Breakout_LX,2024-01-06 00:00:00,03:00:00,17534,1,,,,,,,,
255,509,進入Long,TXF_BreakOut_LE,2024-01-10 00:00:00,03:00:00,17546,1,-9800,-0.2792659295565941,404000,40.400000000000006,1300,0.03704548045138493,-9700,-0.27641627721417983
,510,離開Long,TXF_Breakout_LX,2024-01-10 00:00:00,10:45:00,17502,1,,,,,,,,
256,511,進入Long,TXF_BreakOut_LE,2024-01-18 00:00:00,19:00:00,17398,1,63000,1.810552937119209,467000,46.7,71500,2.054833888952753,-900,-0.025865041958845845
,512,離開Long,TXF_Breakout_LX,2024-01-19 00:00:00,21:00:00,17718,1,,,,,,,,
257,513,進入Long,TXF_BreakOut_LE,2024-01-25 00:00:00,19:00:00,18056,1,-5200,-0.14399645547186532,461800,46.18,1700,0.04707576428887904,-4700,-0.1301506424457244
,514,離開Long,TXF_Breakout_LX,2024-01-25 00:00:00,21:00:00,18035,1,,,,,,,,
258,515,進入Long,TXF_BreakOut_LE,2024-01-31 00:00:00,23:00:00,17988,1,-2200,-0.06115187903046476,459600,45.96,5300,0.14732043584611965,-1700,-0.04725372470535913
,516,離開Long,TXF_Breakout_LX,2024-02-01 00:00:00,03:00:00,17982,1,,,,,,,,
259,517,進入Long,TXF_BreakOut_LE,2024-02-01 00:00:00,23:00:00,18038,1,-6200,-0.17185940791662047,453400,45.34,1100,0.030491185275529437,-5700,-0.15799977824592526
,518,離開Long,TXF_Breakout_LX,2024-02-02 00:00:00,01:00:00,18012,1,,,,,,,,
260,519,進入Long,TXF_BreakOut_LE,2024-02-02 00:00:00,05:00:00,18046,1,-5200,-0.14407624958439544,448200,44.82,11300,0.31308877313532085,-4700,-0.13022276404743433
,520,離開Long,TXF_Breakout_LX,2024-02-02 00:00:00,10:45:00,18025,1,,,,,,,,
261,521,進入Long,TXF_BreakOut_LE,2024-02-20 00:00:00,13:45:00,18737,1,9000,0.2401665154507125,457200,45.72,13700,0.36558680685275124,-500,-0.01334258419170625
,522,離開Long,TXF_Breakout_LX,2024-02-20 00:00:00,21:00:00,18787,1,,,,,,,,
262,523,進入Long,TXF_BreakOut_LE,2024-02-22 00:00:00,10:45:00,18887,1,8800,0.23296447291788003,466000,46.6,17100,0.4526923280563351,-27700,-0.733308624980145
,524,離開Long,TXF_Breakout_LX,2024-02-22 00:00:00,23:00:00,18936,1,,,,,,,,
263,525,進入Long,TXF_BreakOut_LE,2024-02-29 00:00:00,13:45:00,18948,1,-3600,-0.09499683343888536,462400,46.239999999999995,9300,0.2454084863837872,-3100,-0.08180282879459574
,526,離開Long,TXF_Breakout_LX,2024-02-29 00:00:00,17:00:00,18935,1,,,,,,,,
264,527,進入Long,TXF_BreakOut_LE,2024-03-07 00:00:00,13:45:00,19767,1,-19800,-0.5008347245409015,442600,44.26,100,0.0025294683057621287,-19300,-0.48818738301209086
,528,離開Long,TXF_Breakout_LX,2024-03-07 00:00:00,17:00:00,19673,1,,,,,,,,
265,529,進入Long,TXF_BreakOut_LE,2024-03-07 00:00:00,21:00:00,19788,1,26000,0.6569638164544168,468600,46.86,36300,0.9172225591267436,-2100,-0.05306246209824136
,530,離開Long,TXF_Breakout_LX,2024-03-08 00:00:00,10:45:00,19923,1,,,,,,,,
266,531,進入Long,TXF_BreakOut_LE,2024-03-12 00:00:00,12:45:00,19857,1,13600,0.34244850682379013,482200,48.22,22100,0.5564788235886589,-500,-0.012590018633227578
,532,離開Long,TXF_Breakout_LX,2024-03-12 00:00:00,21:00:00,19930,1,,,,,,,,
267,533,進入Long,TXF_BreakOut_LE,2024-03-18 00:00:00,17:00:00,19920,1,1600,0.040160642570281124,483800,48.38,8500,0.2133534136546185,-500,-0.01255020080321285
,534,離開Long,TXF_Breakout_LX,2024-03-18 00:00:00,23:00:00,19933,1,,,,,,,,
268,535,進入Long,TXF_BreakOut_LE,2024-03-27 00:00:00,13:45:00,20281,1,-9200,-0.22681327350722352,474600,47.46,900,0.022188255017010994,-8700,-0.21448646516443962
,536,離開Long,TXF_Breakout_LX,2024-03-27 00:00:00,17:00:00,20240,1,,,,,,,,
269,537,進入Long,TXF_BreakOut_LE,2024-03-29 00:00:00,19:00:00,20362,1,-2400,-0.05893330714075238,472200,47.22,4300,0.10558884196051468,-3900,-0.09576662410372262
,538,離開Long,TXF_Breakout_LX,2024-03-30 00:00:00,01:00:00,20355,1,,,,,,,,
270,539,進入Long,TXF_BreakOut_LE,2024-04-02 00:00:00,12:45:00,20484,1,6600,0.1611013473930873,478800,47.88,13500,0.3295254833040422,-500,-0.01220464752977934
,540,離開Long,TXF_Breakout_LX,2024-04-02 00:00:00,19:00:00,20522,1,,,,,,,,
271,541,進入Long,TXF_BreakOut_LE,2024-04-04 00:00:00,01:00:00,20470,1,-1400,-0.03419638495359062,477400,47.74,2900,0.07083536883243771,-5500,-0.134342940889106
,542,離開Long,TXF_Holiday_LX,2024-04-04 00:00:00,03:00:00,20468,1,,,,,,,,
272,543,進入Long,TXF_BreakOut_LE,2024-04-08 00:00:00,23:00:00,20520,1,-2800,-0.06822612085769982,474600,47.46,7700,0.18762183235867447,-6500,-0.15838206627680312
,544,離開Long,TXF_Breakout_LX,2024-04-09 00:00:00,05:00:00,20511,1,,,,,,,,
273,545,進入Long,TXF_BreakOut_LE,2024-04-12 00:00:00,05:00:00,20760,1,-4000,-0.09633911368015415,470600,47.06,2900,0.06984585741811176,-3500,-0.08429672447013488
,546,離開Long,TXF_Breakout_LX,2024-04-12 00:00:00,10:45:00,20745,1,,,,,,,,
274,547,進入Long,TXF_BreakOut_LE,2024-04-26 00:00:00,05:00:00,20059,1,16600,0.41377935091480134,487200,48.72,41900,1.0444189640560348,-500,-0.012463233461289195
,548,離開Long,TXF_Breakout_LX,2024-04-26 00:00:00,17:00:00,20147,1,,,,,,,,
275,549,進入Long,TXF_BreakOut_LE,2024-05-03 00:00:00,05:00:00,20492,1,-11800,-0.28791723599453445,475400,47.54,20500,0.5001951981260979,-11300,-0.2757173531134101
,550,離開Long,TXF_Breakout_LX,2024-05-03 00:00:00,10:45:00,20438,1,,,,,,,,
276,551,進入Long,TXF_BreakOut_LE,2024-05-08 00:00:00,12:45:00,20678,1,5200,0.12573749879098559,480600,48.06,15100,0.3651223522584389,-500,-0.012090144114517845
,552,離開Long,TXF_Breakout_LX,2024-05-08 00:00:00,19:00:00,20709,1,,,,,,,,
277,553,進入Long,TXF_BreakOut_LE,2024-05-10 00:00:00,05:00:00,20713,1,-6000,-0.14483657606334188,474600,47.46,7100,0.17138994834162122,-5500,-0.1327668613913967
,554,離開Long,TXF_Breakout_LX,2024-05-10 00:00:00,10:45:00,20688,1,,,,,,,,
278,555,進入Long,TXF_BreakOut_LE,2024-05-14 00:00:00,17:00:00,21018,1,-5600,-0.1332191454943382,469000,46.9,1900,0.04519935293557903,-6100,-0.14511371205633267
,556,離開Long,TXF_Breakout_LX,2024-05-14 00:00:00,21:00:00,20995,1,,,,,,,,
279,557,進入Long,TXF_BreakOut_LE,2024-05-15 00:00:00,01:00:00,21054,1,15400,0.3657262277951933,484400,48.44,25500,0.6055856369335993,-500,-0.011874228175168615
,558,離開Long,TXF_Breakout_LX,2024-05-15 00:00:00,10:45:00,21136,1,,,,,,,,
280,559,進入Long,TXF_BreakOut_LE,2024-05-15 00:00:00,23:00:00,21386,1,14200,0.33199289254652575,498600,49.86,19100,0.4465538202562424,-500,-0.011689890582624147
,560,離開Long,TXF_Breakout_LX,2024-05-16 00:00:00,05:00:00,21462,1,,,,,,,,
281,561,進入Long,TXF_BreakOut_LE,2024-05-17 00:00:00,01:00:00,21436,1,-17400,-0.4058593021086024,481200,48.120000000000005,300,0.006997574174286248,-16900,-0.3941966784847919
,562,離開Long,TXF_Breakout_LX,2024-05-17 00:00:00,03:00:00,21354,1,,,,,,,,
282,563,進入Long,TXF_BreakOut_LE,2024-05-21 00:00:00,01:00:00,21368,1,-9000,-0.21059528266566827,472200,47.22,3300,0.07721827031074503,-8500,-0.1988955447397978
,564,離開Long,TXF_Breakout_LX,2024-05-21 00:00:00,03:00:00,21328,1,,,,,,,,
283,565,進入Long,TXF_BreakOut_LE,2024-05-23 00:00:00,12:45:00,21650,1,-10400,-0.24018475750577367,461800,46.18,1700,0.03926096997690531,-9900,-0.2286374133949192
,566,離開Long,TXF_Breakout_LX,2024-05-23 00:00:00,17:00:00,21603,1,,,,,,,,
284,567,進入Long,TXF_BreakOut_LE,2024-05-25 00:00:00,01:00:00,21673,1,45600,1.052000184561436,507400,50.739999999999995,50500,1.1650440640428184,-8100,-0.18686845383657086
,568,離開Long,TXF_Breakout_LX,2024-05-28 00:00:00,05:00:00,21906,1,,,,,,,,
285,569,進入Long,TXF_BreakOut_LE,2024-06-03 00:00:00,10:45:00,21469,1,28200,0.6567609110810937,535600,53.559999999999995,45300,1.055009548651544,-9500,-0.22124924309469468
,570,離開Long,TXF_Breakout_LX,2024-06-03 00:00:00,17:00:00,21615,1,,,,,,,,
286,571,進入Long,TXF_BreakOut_LE,2024-06-05 00:00:00,21:00:00,21530,1,67800,1.5745471435206686,603400,60.34,85900,1.9948908499767766,-500,-0.011611704598235021
,572,離開Long,TXF_Breakout_LX,2024-06-06 00:00:00,13:45:00,21874,1,,,,,,,,
287,573,進入Long,TXF_BreakOut_LE,2024-06-12 00:00:00,05:00:00,21845,1,-6000,-0.1373311970702678,597400,59.74,2100,0.04806591897459373,-5500,-0.12588693064774548
,574,離開Long,TXF_Breakout_LX,2024-06-12 00:00:00,10:45:00,21820,1,,,,,,,,
288,575,進入Long,TXF_BreakOut_LE,2024-06-17 00:00:00,21:00:00,22572,1,-4000,-0.0886053517632465,593400,59.34,5500,0.12183235867446393,-3500,-0.07752968279284068
,576,離開Long,TXF_Breakout_LX,2024-06-17 00:00:00,23:00:00,22557,1,,,,,,,,
289,577,進入Long,TXF_BreakOut_LE,2024-07-03 00:00:00,01:00:00,22944,1,102600,2.2358786610878663,696000,69.6,109500,2.386244769874477,-500,-0.010896094839609485
,578,離開Long,TXF_Breakout_LX,2024-07-04 00:00:00,05:00:00,23462,1,,,,,,,,
290,579,進入Long,TXF_BreakOut_LE,2024-07-08 00:00:00,12:45:00,23923,1,-6400,-0.13376248798227647,689600,68.96,13700,0.28633532583706056,-5900,-0.12331229360866111
,580,離開Long,TXF_Breakout_LX,2024-07-08 00:00:00,13:45:00,23896,1,,,,,,,,
291,581,進入Long,TXF_BreakOut_LE,2024-07-10 00:00:00,17:00:00,24014,1,19400,0.40393104022653453,709000,70.89999999999999,35700,0.7433163987673858,-500,-0.010410593820271508
,582,離開Long,TXF_Breakout_LX,2024-07-10 00:00:00,23:00:00,24116,1,,,,,,,,
292,583,進入Long,TXF_BreakOut_LE,2024-07-13 00:00:00,01:00:00,24146,1,-10600,-0.2194980535078274,698400,69.84,7100,0.1470222811231674,-26100,-0.5404621883541788
,584,離開Long,TXF_Breakout_LX,2024-07-13 00:00:00,05:00:00,24098,1,,,,,,,,
293,585,進入Long,TXF_BreakOut_LE,2024-07-30 00:00:00,13:45:00,22230,1,5600,0.12595591542959966,704000,70.39999999999999,16900,0.38011695906432746,-5900,-0.13270355375618534
,586,離開Long,TXF_Breakout_LX,2024-07-30 00:00:00,23:00:00,22263,1,,,,,,,,
294,587,進入Long,TXF_BreakOut_LE,2024-08-06 00:00:00,12:45:00,20673,1,-84800,-2.050984375755817,619200,61.919999999999995,22900,0.5538625260000967,-84300,-2.0388913075025394
,588,離開Long,TXF_Breakout_LX,2024-08-06 00:00:00,17:00:00,20254,1,,,,,,,,
295,589,進入Long,TXF_BreakOut_LE,2024-08-08 00:00:00,23:00:00,21082,1,41600,0.986623659994308,660800,66.08000000000001,93100,2.208044777535338,-500,-0.011858457451854662
,590,離開Long,TXF_Breakout_LX,2024-08-09 00:00:00,10:45:00,21295,1,,,,,,,,
296,591,進入Long,TXF_BreakOut_LE,2024-08-15 00:00:00,23:00:00,22093,1,45200,1.0229484452088897,706000,70.6,62300,1.4099488525777395,-500,-0.01131580138505409
,592,離開Long,TXF_Breakout_LX,2024-08-16 00:00:00,10:45:00,22324,1,,,,,,,,
297,593,進入Long,TXF_BreakOut_LE,2024-08-29 00:00:00,21:00:00,22385,1,4400,0.09828009828009827,710400,71.04,18100,0.40428858610676793,-15500,-0.34621398257761893
,594,離開Long,TXF_Breakout_LX,2024-08-30 00:00:00,03:00:00,22412,1,,,,,,,,
298,595,進入Long,TXF_BreakOut_LE,2024-09-11 00:00:00,05:00:00,21130,1,-7000,-0.1656412683388547,703400,70.34,10500,0.24846190250828207,-6500,-0.15380974917179366
,596,離開Long,TXF_Breakout_LX,2024-09-11 00:00:00,10:45:00,21100,1,,,,,,,,
299,597,進入Long,TXF_BreakOut_LE,2024-09-12 00:00:00,03:00:00,21327,1,65200,1.528578796830309,768600,76.86,90100,2.1123458526750127,-500,-0.011722230037042248
,598,離開Long,TXF_Breakout_LX,2024-09-12 00:00:00,13:45:00,21658,1,,,,,,,,
300,599,進入Long,TXF_BreakOut_LE,2024-09-19 00:00:00,12:45:00,21977,1,40200,0.9145925285525778,808800,80.88,50900,1.1580288483414478,-500,-0.011375528962096737
,600,離開Long,TXF_Breakout_LX,2024-09-19 00:00:00,23:00:00,22183,1,,,,,,,,
301,601,進入Long,TXF_BreakOut_LE,2024-09-24 00:00:00,13:45:00,22395,1,41200,0.91984818039741,850000,85,73900,1.6499218575574908,-500,-0.011163206072784104
,602,離開Long,TXF_Breakout_LX,2024-09-24 00:00:00,23:00:00,22606,1,,,,,,,,
302,603,進入Long,TXF_BreakOut_LE,2024-09-25 00:00:00,21:00:00,22924,1,-5200,-0.11341825161402896,844800,84.48,9300,0.2028441807712441,-4700,-0.10251265049729542
,604,離開Long,TXF_Breakout_LX,2024-09-25 00:00:00,23:00:00,22903,1,,,,,,,,
303,605,進入Long,TXF_BreakOut_LE,2024-10-04 00:00:00,23:00:00,22629,1,19200,0.4242343895001988,864000,86.4,35300,0.7799726015290115,-53700,-1.1865305581333687
,606,離開Long,TXF_Breakout_LX,2024-10-07 00:00:00,17:00:00,22730,1,,,,,,,,
304,607,進入Long,TXF_BreakOut_LE,2024-10-08 00:00:00,21:00:00,22704,1,-3800,-0.08368569415081042,860200,86.02,14100,0.3105179704016913,-3300,-0.07267441860465117
,608,離開Long,TXF_Breakout_LX,2024-10-08 00:00:00,23:00:00,22690,1,,,,,,,,
305,609,進入Long,TXF_BreakOut_LE,2024-10-17 00:00:00,13:45:00,23235,1,99000,2.130406714009038,959200,95.92,111700,2.403701312674844,-500,-0.010759629868732516
,610,離開Long,TXF_Breakout_LX,2024-10-17 00:00:00,23:00:00,23735,1,,,,,,,,
306,611,進入Long,TXF_BreakOut_LE,2024-10-30 00:00:00,01:00:00,23058,1,-2000,-0.04336889582791222,957200,95.72,15500,0.33610894266631974,-1500,-0.032526671870934165
,612,離開Long,TXF_Breakout_LX,2024-10-30 00:00:00,05:00:00,23053,1,,,,,,,,
307,613,進入Long,TXF_BreakOut_LE,2024-11-04 00:00:00,12:45:00,22986,1,-3400,-0.07395806142869572,953800,95.38,19900,0.4328721830679544,-2900,-0.06308187592447577
,614,離開Long,TXF_Breakout_LX,2024-11-04 00:00:00,17:00:00,22974,1,,,,,,,,
308,615,進入Long,TXF_BreakOut_LE,2024-11-13 00:00:00,10:45:00,22926,1,-13800,-0.3009683328971473,940000,94,17300,0.3773008810956992,-13300,-0.2900636831544971
,616,離開Long,TXF_Breakout_LX,2024-11-13 00:00:00,13:45:00,22862,1,,,,,,,,
309,617,進入Long,TXF_BreakOut_LE,2024-11-13 00:00:00,19:00:00,23015,1,-13600,-0.29545948294590485,926400,92.64,12100,0.26287203997393005,-13100,-0.28459700195524656
,618,離開Long,TXF_Breakout_LX,2024-11-13 00:00:00,23:00:00,22952,1,,,,,,,,
310,619,進入Long,TXF_BreakOut_LE,2024-11-22 00:00:00,05:00:00,22832,1,44200,0.9679397337070779,970600,97.06,60500,1.32489488437281,-13500,-0.2956377014716188
,620,離開Long,TXF_Breakout_LX,2024-11-22 00:00:00,19:00:00,23058,1,,,,,,,,
311,621,進入Long,TXF_BreakOut_LE,2024-12-06 00:00:00,01:00:00,23357,1,-2200,-0.04709508926660102,968400,96.84,18700,0.40030825876610865,-1700,-0.03639165988782806
,622,離開Long,TXF_Breakout_LX,2024-12-06 00:00:00,05:00:00,23351,1,,,,,,,,
312,623,進入Long,TXF_BreakOut_LE,2024-12-09 00:00:00,17:00:00,23287,1,15600,0.3349508309357152,984000,98.4,30300,0.650577575471293,-500,-0.010735603555631898
,624,離開Long,TXF_Breakout_LX,2024-12-09 00:00:00,21:00:00,23370,1,,,,,,,,
313,625,進入Long,TXF_BreakOut_LE,2024-12-13 00:00:00,12:45:00,23072,1,-17000,-0.3684119278779473,967000,96.7,3500,0.07584951456310679,-16500,-0.35757628294036065
,626,離開Long,TXF_Breakout_LX,2024-12-13 00:00:00,13:45:00,22992,1,,,,,,,,
314,627,進入Long,TXF_BreakOut_LE,2024-12-17 00:00:00,05:00:00,23165,1,-13200,-0.2849125836391107,953800,95.38,1100,0.023742715303259228,-12700,-0.27412044031944743
,628,離開Long,TXF_Breakout_LX,2024-12-17 00:00:00,10:45:00,23104,1,,,,,,,,
315,629,進入Long,TXF_BreakOut_LE,2024-12-18 00:00:00,19:00:00,23340,1,-1000,-0.021422450728363327,952800,95.28,7100,0.1520994001713796,-500,-0.010711225364181664
,630,離開Long,TXF_Breakout_LX,2024-12-18 00:00:00,23:00:00,23340,1,,,,,,,,
316,631,進入Long,TXF_BreakOut_LE,2024-12-21 00:00:00,03:00:00,22903,1,56400,1.2312797450115704,1009200,100.92000000000002,77700,1.6962843295638126,-9100,-0.19866393048945555
,632,離開Long,TXF_Breakout_LX,2024-12-23 00:00:00,19:00:00,23190,1,,,,,,,,
317,633,進入Long,TXF_BreakOut_LE,2024-12-27 00:00:00,17:00:00,23382,1,-11600,-0.24805405867761526,997600,99.76,1300,0.027799161748353438,-11100,-0.23736207338978704
,634,離開Long,TXF_ThisBar_LX,2024-12-27 00:00:00,17:00:00,23329,1,,,,,,,,
318,635,進入Long,TXF_BreakOut_LE,2024-12-31 00:00:00,21:00:00,23110,1,-6400,-0.13846819558632628,991200,99.11999999999999,11100,0.2401557767200346,-5900,-0.12765036780614453
,636,離開Long,TXF_Breakout_LX,2025-01-01 00:00:00,01:00:00,23083,1,,,,,,,,
319,637,進入Long,TXF_BreakOut_LE,2025-01-02 00:00:00,23:00:00,22926,1,-11800,-0.25734973392654625,979400,97.94,13700,0.2987874029486173,-11300,-0.24644508418389602
,638,離開Long,TXF_Breakout_LX,2025-01-03 00:00:00,03:00:00,22872,1,,,,,,,,
320,639,進入Long,TXF_BreakOut_LE,2025-01-03 00:00:00,12:45:00,23078,1,-22400,-0.48531068550134326,957000,95.7,5500,0.11916110581506197,-21900,-0.474477857699974
,640,離開Long,TXF_Breakout_LX,2025-01-03 00:00:00,13:45:00,22971,1,,,,,,,,
321,641,進入Long,TXF_BreakOut_LE,2025-01-03 00:00:00,23:00:00,23108,1,145800,3.154751601177082,1102800,110.28,169100,3.6589060065778085,-11700,-0.25315907910680285
,642,離開Long,TXF_Breakout_LX,2025-01-07 00:00:00,05:00:00,23842,1,,,,,,,,
322,643,進入Long,TXF_BreakOut_LE,2025-02-11 00:00:00,03:00:00,23427,1,-10000,-0.21342894950271055,1092800,109.28,700,0.014940026465189738,-9500,-0.202757502027575
,644,離開Long,TXF_Breakout_LX,2025-02-11 00:00:00,10:45:00,23382,1,,,,,,,,
323,645,進入Long,TXF_BreakOut_LE,2025-02-17 00:00:00,10:45:00,23348,1,26200,0.561075895151619,1119000,111.9,37900,0.8116326880246703,-500,-0.010707555250985096
,646,離開Long,TXF_Breakout_LX,2025-02-17 00:00:00,13:45:00,23484,1,,,,,,,,
324,647,進入Long,TXF_BreakOut_LE,2025-02-19 00:00:00,10:45:00,23683,1,-16800,-0.3546847950006334,1102200,110.22000000000001,1300,0.027445847232191865,-16700,-0.35257357598277245
,648,離開Long,TXF_Settlement_LX,2025-02-19 00:00:00,12:45:00,23604,1,,,,,,,,
325,649,進入Long,TXF_BreakOut_LE,2025-02-20 00:00:00,19:00:00,23618,1,-4400,-0.09314929291218561,1097800,109.78000000000002,4500,0.09526632229655348,-3900,-0.08256414599034634
,650,離開Long,TXF_Breakout_LX,2025-02-20 00:00:00,23:00:00,23601,1,,,,,,,,
326,651,進入Long,TXF_BreakOut_LE,2025-02-21 00:00:00,12:45:00,23708,1,1000,0.02108992745064957,1098800,109.88,14300,0.3015859625442889,-1700,-0.03585287666610427
,652,離開Long,TXF_Breakout_LX,2025-02-21 00:00:00,23:00:00,23718,1,,,,,,,,
327,653,進入Long,TXF_BreakOut_LE,2025-02-26 00:00:00,17:00:00,23433,1,-2000,-0.04267486023983271,1096800,109.68,14700,0.31366022276277045,-6300,-0.13442580975547305
,654,離開Long,TXF_Breakout_LX,2025-02-26 00:00:00,23:00:00,23428,1,,,,,,,,
328,655,進入Long,TXF_BreakOut_LE,2025-03-05 00:00:00,05:00:00,22683,1,40800,0.899351937574395,1137600,113.75999999999999,55300,1.218974562447648,-26700,-0.5885464885597144
,656,離開Long,TXF_Breakout_LX,2025-03-05 00:00:00,21:00:00,22892,1,,,,,,,,
329,657,進入Long,TXF_BreakOut_LE,2025-03-12 00:00:00,12:45:00,22297,1,-30800,-0.6906758756783424,1106800,110.68,9100,0.20406332690496481,-30300,-0.6794636049692784
,658,離開Long,TXF_Breakout_LX,2025-03-12 00:00:00,13:45:00,22148,1,,,,,,,,
330,659,進入Long,TXF_BreakOut_LE,2025-03-20 00:00:00,01:00:00,22147,1,-14200,-0.32058518083713367,1092600,109.26,2500,0.056441052964284096,-13700,-0.3092969702442769
,660,離開Long,TXF_Breakout_LX,2025-03-20 00:00:00,03:00:00,22081,1,,,,,,,,
331,661,進入Long,TXF_BreakOut_LE,2025-03-22 00:00:00,03:00:00,22210,1,-13000,-0.2926609635299415,1079600,107.96,0,0,-12500,-0.28140477262494373
,662,離開Long,TXF_Breakout_LX,2025-03-22 00:00:00,05:00:00,22150,1,,,,,,,,
332,663,進入Long,TXF_BreakOut_LE,2025-04-01 00:00:00,05:00:00,21064,1,-13800,-0.327573110520319,1065800,106.58000000000001,13300,0.3157045195594379,-13300,-0.3157045195594379
,664,離開Long,TXF_Breakout_LX,2025-04-01 00:00:00,10:45:00,21000,1,,,,,,,,
333,665,進入Long,TXF_BreakOut_LE,2025-04-03 00:00:00,01:00:00,21436,1,18000,0.41985445045717484,1083800,108.38000000000001,20900,0.48749766747527523,-500,-0.011662623623810413
,666,離開Long,TXF_Holiday_LX,2025-04-03 00:00:00,03:00:00,21531,1,,,,,,,,
334,667,進入Long,TXF_BreakOut_LE,2025-04-10 00:00:00,05:00:00,18902,1,-1000,-0.026452227277536766,1082800,108.28,0,0,-500,-0.013226113638768383
,668,離開Long,TXF_Breakout_LX,2025-04-10 00:00:00,10:45:00,18902,1,,,,,,,,
335,669,進入Long,TXF_BreakOut_LE,2025-04-22 00:00:00,23:00:00,18941,1,9800,0.2586980624043081,1092600,109.26,43700,1.1535821762314555,-500,-0.01319888073491368
,670,離開Long,TXF_Breakout_LX,2025-04-23 00:00:00,03:00:00,18995,1,,,,,,,,
336,671,進入Long,TXF_BreakOut_LE,2025-05-14 00:00:00,13:45:00,21784,1,-7800,-0.17903048108703637,1084800,108.48,19100,0.43839515240543514,-11300,-0.2593646713183988
,672,離開Long,TXF_Breakout_LX,2025-05-14 00:00:00,19:00:00,21750,1,,,,,,,,
337,673,進入Long,TXF_BreakOut_LE,2025-05-16 00:00:00,10:45:00,21815,1,-3200,-0.07334402933761174,1081600,108.16,12100,0.2773321109328444,-7900,-0.18106807242722897
,674,離開Long,TXF_Breakout_LX,2025-05-16 00:00:00,17:00:00,21804,1,,,,,,,,
338,675,進入Long,TXF_BreakOut_LE,2025-05-21 00:00:00,10:45:00,21615,1,19200,0.44413601665510066,1100800,110.08,19900,0.46032847559565115,-500,-0.011566042100393246
,676,離開Long,TXF_Settlement_LX,2025-05-21 00:00:00,12:45:00,21716,1,,,,,,,,
339,677,進入Long,TXF_BreakOut_LE,2025-05-27 00:00:00,10:45:00,21432,1,-13600,-0.3172825681224338,1087200,108.72,700,0.016330720418066443,-13100,-0.30561776782381483
,678,離開Long,TXF_ThisBar_LX,2025-05-27 00:00:00,10:45:00,21369,1,,,,,,,,
340,679,進入Long,TXF_BreakOut_LE,2025-05-28 00:00:00,01:00:00,21364,1,-400,-0.009361542782250515,1086800,108.67999999999999,10100,0.2363789552518255,-500,-0.011701928477813144
,680,離開Long,TXF_Breakout_LX,2025-05-28 00:00:00,05:00:00,21367,1,,,,,,,,
341,681,進入Long,TXF_BreakOut_LE,2025-06-03 00:00:00,05:00:00,21092,1,-12600,-0.298691446994121,1074200,107.42,1500,0.035558505594538214,-12100,-0.28683861179594156
,682,離開Long,TXF_Breakout_LX,2025-06-03 00:00:00,10:45:00,21034,1,,,,,,,,
342,683,進入Long,TXF_BreakOut_LE,2025-06-06 00:00:00,23:00:00,21639,1,-2600,-0.06007671334165164,1071600,107.16000000000001,14100,0.3258006377374186,-2100,-0.04852349923748787
,684,離開Long,TXF_Breakout_LX,2025-06-07 00:00:00,03:00:00,21631,1,,,,,,,,
343,685,進入Long,TXF_BreakOut_LE,2025-06-16 00:00:00,23:00:00,22099,1,21600,0.48870989637540163,1093200,109.32,35300,0.7986786732431331,-500,-0.011312729082763926
,686,離開Long,TXF_Breakout_LX,2025-06-17 00:00:00,03:00:00,22212,1,,,,,,,,
344,687,進入Long,TXF_BreakOut_LE,2025-06-23 00:00:00,23:00:00,21555,1,-28800,-0.6680584551148225,1064400,106.44,3300,0.07654836464857341,-28300,-0.656460218046857
,688,離開Long,TXF_Breakout_LX,2025-06-24 00:00:00,01:00:00,21416,1,,,,,,,,
345,689,進入Long,TXF_BreakOut_LE,2025-06-24 00:00:00,05:00:00,21611,1,67000,1.5501365045578641,1131400,113.14,82900,1.9180047198186108,-500,-0.011568182869834806
,690,離開Long,TXF_Breakout_LX,2025-06-24 00:00:00,19:00:00,21951,1,,,,,,,,
346,691,進入Long,TXF_BreakOut_LE,2025-06-30 00:00:00,10:45:00,22239,1,-31200,-0.701470389855659,1100200,110.02000000000001,2500,0.05620756328971626,-30700,-0.6902288771977158
,692,離開Long,TXF_Breakout_LX,2025-06-30 00:00:00,12:45:00,22088,1,,,,,,,,
347,693,進入Long,TXF_BreakOut_LE,2025-07-01 00:00:00,05:00:00,22154,1,37400,0.8440913604766633,1137600,113.75999999999999,87300,1.9702988173693239,-500,-0.011284643856639884
,694,離開Long,TXF_Breakout_LX,2025-07-01 00:00:00,21:00:00,22346,1,,,,,,,,
348,695,進入Long,TXF_BreakOut_LE,2025-07-03 00:00:00,01:00:00,22480,1,39000,0.8674377224199288,1176600,117.66000000000001,49900,1.1098754448398576,-500,-0.011120996441281138
,696,離開Long,TXF_Breakout_LX,2025-07-03 00:00:00,19:00:00,22680,1,,,,,,,,
349,697,進入Long,TXF_BreakOut_LE,2025-07-17 00:00:00,13:45:00,23029,1,58800,1.2766511789482826,1235400,123.54,71100,1.543705762299709,-500,-0.010855877372009206
,698,離開Long,TXF_Breakout_LX,2025-07-17 00:00:00,21:00:00,23328,1,,,,,,,,
350,699,進入Long,TXF_BreakOut_LE,2025-07-23 00:00:00,12:45:00,23253,1,-16000,-0.3440416290371135,1219400,121.94,500,0.010751300907409797,-15500,-0.33329032812970366
,700,離開Long,TXF_Breakout_LX,2025-07-23 00:00:00,13:45:00,23178,1,,,,,,,,
351,701,進入Long,TXF_BreakOut_LE,2025-07-29 00:00:00,10:45:00,23334,1,-13600,-0.29142024513585324,1205800,120.58,4500,0.09642581640524556,-13100,-0.28070626553527045
,702,離開Long,TXF_ThisBar_LX,2025-07-29 00:00:00,10:45:00,23271,1,,,,,,,,
352,703,進入Long,TXF_BreakOut_LE,2025-07-31 00:00:00,10:45:00,23497,1,19000,0.40430693279993196,1224800,122.48000000000002,36700,0.7809507596714474,-28900,-0.614972124100949
,704,離開Long,TXF_Breakout_LX,2025-07-31 00:00:00,21:00:00,23597,1,,,,,,,,
353,705,進入Long,TXF_BreakOut_LE,2025-08-05 00:00:00,01:00:00,23388,1,34200,0.7311441765007696,1259000,125.89999999999999,46300,0.9898238412861295,-1500,-0.032067727039507436
,706,離開Long,TXF_Breakout_LX,2025-08-05 00:00:00,19:00:00,23564,1,,,,,,,,
354,707,進入Long,TXF_BreakOut_LE,2025-08-18 00:00:00,12:45:00,24419,1,-7200,-0.14742618452844097,1251800,125.18,8100,0.16585445759449607,-6700,-0.13718825504729923
,708,離開Long,TXF_Breakout_LX,2025-08-18 00:00:00,17:00:00,24388,1,,,,,,,,
355,709,進入Long,TXF_BreakOut_LE,2025-08-28 00:00:00,23:00:00,24416,1,-1800,-0.0368610747051114,1250000,125,4900,0.10034403669724772,-8100,-0.1658748361730013
,710,離開Long,TXF_Breakout_LX,2025-08-29 00:00:00,05:00:00,24412,1,,,,,,,,
356,711,進入Long,TXF_BreakOut_LE,2025-09-03 00:00:00,19:00:00,24105,1,-2200,-0.04563368595727027,1247800,124.78,7500,0.1555693839452396,-1700,-0.0352623936942543
,712,離開Long,TXF_Breakout_LX,2025-09-03 00:00:00,23:00:00,24099,1,,,,,,,,
357,713,進入Long,TXF_BreakOut_LE,2025-09-16 00:00:00,12:45:00,25641,1,-7600,-0.1482001482001482,1240200,124.02,3900,0.07605007605007605,-7100,-0.13845013845013845
,714,離開Long,TXF_Breakout_LX,2025-09-16 00:00:00,13:45:00,25608,1,,,,,,,,
358,715,進入Long,TXF_BreakOut_LE,2025-09-23 00:00:00,01:00:00,25910,1,25800,0.49787726746429956,1266000,126.6,38700,0.7468159011964492,-500,-0.0096487842531841
,716,離開Long,TXF_Breakout_LX,2025-09-23 00:00:00,10:45:00,26044,1,,,,,,,,
359,717,進入Long,TXF_BreakOut_LE,2025-09-25 00:00:00,10:45:00,26256,1,-29400,-0.5598720292504571,1236600,123.66,4900,0.09331200487507617,-28900,-0.5503503960999391
,718,離開Long,TXF_Breakout_LX,2025-09-25 00:00:00,12:45:00,26114,1,,,,,,,,
360,719,進入Long,TXF_BreakOut_LE,2025-09-27 00:00:00,03:00:00,25754,1,35400,0.6872718800962957,1272000,127.2,57900,1.1240972276151278,-6900,-0.1339597732391085
,720,離開Long,TXF_Breakout_LX,2025-09-30 00:00:00,17:00:00,25936,1,,,,,,,,
361,721,進入Long,TXF_BreakOut_LE,2025-10-01 00:00:00,23:00:00,26180,1,43000,0.8212375859434682,1315000,131.5,68900,1.3158899923605807,-500,-0.009549274255156608
,722,離開Long,TXF_Breakout_LX,2025-10-02 00:00:00,10:45:00,26400,1,,,,,,,,
362,723,進入Long,TXF_BreakOut_LE,2025-10-07 00:00:00,12:45:00,27300,1,-5600,-0.10256410256410256,1309400,130.94,10700,0.19597069597069597,-5100,-0.09340659340659341
,724,離開Long,TXF_Breakout_LX,2025-10-07 00:00:00,17:00:00,27277,1,,,,,,,,
363,725,進入Long,TXF_BreakOut_LE,2025-10-09 00:00:00,01:00:00,27295,1,9600,0.17585638395310496,1319000,131.9,31500,0.5770287598461257,-500,-0.009159186664224217
,726,離開Long,TXF_Breakout_LX,2025-10-09 00:00:00,10:45:00,27348,1,,,,,,,,
364,727,進入Long,TXF_BreakOut_LE,2025-10-16 00:00:00,13:45:00,27755,1,-9000,-0.16213294901819492,1310000,131,23900,0.43055305350387324,-8500,-0.15312556296162855
,728,離開Long,TXF_Breakout_LX,2025-10-16 00:00:00,17:00:00,27715,1,,,,,,,,
365,729,進入Long,TXF_BreakOut_LE,2025-10-24 00:00:00,01:00:00,27727,1,87600,1.5796876690590398,1397600,139.76,112300,2.0251018862480614,-13300,-0.23983842464024235
,730,離開Long,TXF_Breakout_LX,2025-10-27 00:00:00,17:00:00,28170,1,,,,,,,,
366,731,進入Long,TXF_BreakOut_LE,2025-10-29 00:00:00,03:00:00,28214,1,50600,0.8967179414475083,1448200,144.82,61700,1.0934287942156375,-3300,-0.05848160487701141
,732,離開Long,TXF_Breakout_LX,2025-10-29 00:00:00,23:00:00,28472,1,,,,,,,,
367,733,進入Long,TXF_BreakOut_LE,2025-11-04 00:00:00,03:00:00,28513,1,-21600,-0.37877459404482167,1426600,142.66,11300,0.19815522744011504,-21100,-0.3700066636271175
,734,離開Long,TXF_Breakout_LX,2025-11-04 00:00:00,10:45:00,28410,1,,,,,,,,
368,735,進入Long,TXF_BreakOut_LE,2025-11-06 00:00:00,01:00:00,28020,1,-3000,-0.05353319057815846,1423600,142.35999999999999,26900,0.48001427551748754,-2500,-0.04461099214846538
,736,離開Long,TXF_Breakout_LX,2025-11-06 00:00:00,10:45:00,28010,1,,,,,,,,
369,737,進入Long,TXF_BreakOut_LE,2025-11-10 00:00:00,12:45:00,27902,1,12600,0.22579026593075763,1436200,143.62,26900,0.48204429789979214,-500,-0.00895993118772848
,738,離開Long,TXF_Breakout_LX,2025-11-10 00:00:00,17:00:00,27970,1,,,,,,,,
370,739,進入Long,TXF_BreakOut_LE,2025-11-12 00:00:00,19:00:00,28137,1,-6400,-0.11372925329637133,1429800,142.98,6500,0.11550627287912714,-5900,-0.1048441553825923
,740,離開Long,TXF_Breakout_LX,2025-11-12 00:00:00,21:00:00,28110,1,,,,,,,,
371,741,進入Long,TXF_BreakOut_LE,2025-11-17 00:00:00,10:45:00,27600,1,-22800,-0.4130434782608695,1407000,140.7,17500,0.3170289855072464,-22300,-0.4039855072463768
,742,離開Long,TXF_Breakout_LX,2025-11-17 00:00:00,13:45:00,27491,1,,,,,,,,
372,743,進入Long,TXF_BreakOut_LE,2025-11-19 00:00:00,23:00:00,26863,1,-800,-0.014890369653426647,1406200,140.61999999999998,41500,0.7724379257715073,-500,-0.009306481033391654
,744,離開Long,TXF_Breakout_LX,2025-11-20 00:00:00,03:00:00,26864,1,,,,,,,,
373,745,進入Long,TXF_BreakOut_LE,2025-11-22 00:00:00,05:00:00,26766,1,-19100,-0.3567959351415976,1387100,138.71,6700,0.12515878353134574,-27500,-0.5137114249420908
,746,離開Long,open,2025-11-22 00:00:00,05:00:00,26673,1,,,,,,,,
